No, Long, Short, Vmax, Length, Len[nano],Start,End,total
1,5263.35,5263.35,437.304,3.04e-07,304,7.68e-07,1.072e-06,192,268,5571.09
2,5283.52,5283.52,438.986,3.04e-07,304,7.68e-07,1.072e-06,192,268,5565.28
3,5192.81,5192.81,436.242,2.8e-07,280,7.68e-07,1.048e-06,192,262,5361.35
4,5243.56,5243.56,440.649,2.88e-07,288,7.76e-07,1.064e-06,194,266,5558.33
5,5285.46,5285.46,440.789,3.04e-07,304,7.68e-07,1.072e-06,192,268,5594.94
6,5277.95,5277.95,440.989,2.96e-07,296,7.68e-07,1.064e-06,192,266,5594.8
7,5208.89,5208.89,438.706,2.88e-07,288,7.68e-07,1.056e-06,192,264,5347.57
8,5245.36,5245.36,438.325,2.88e-07,288,7.68e-07,1.056e-06,192,264,5529.73
9,5259.12,5259.12,437.324,2.96e-07,296,7.68e-07,1.064e-06,192,266,5546.23
10,5176.14,5176.14,437.444,2.72e-07,272,7.76e-07,1.048e-06,194,262,5291.07
11,5176.97,5176.97,438.566,2.8e-07,280,7.76e-07,1.056e-06,194,264,5357.42
12,5296.1,5296.1,441.61,3.04e-07,304,7.68e-07,1.072e-06,192,268,5630.15
13,5267.21,5267.21,440.568,2.96e-07,296,7.68e-07,1.064e-06,192,266,5552.9
14,5262.81,5262.81,440.128,2.96e-07,296,7.68e-07,1.064e-06,192,266,5535.16
15,5194.61,5194.61,437.264,2.8e-07,280,7.68e-07,1.048e-06,192,262,5320.89
16,5195.55,5195.55,436.022,2.8e-07,280,7.68e-07,1.048e-06,192,262,5327.94
17,5253.19,5253.19,438.225,2.88e-07,288,7.76e-07,1.064e-06,194,266,5564.18
18,5181.47,5181.47,438.105,2.8e-07,280,7.76e-07,1.056e-06,194,264,5326.68
19,5229.56,5229.56,440.649,2.88e-07,288,7.76e-07,1.064e-06,194,266,5561.99
20,5266.93,5266.93,441.109,2.96e-07,296,7.68e-07,1.064e-06,192,266,5565.66
21,5284.36,5284.36,441.27,2.96e-07,296,7.68e-07,1.064e-06,192,266,5597.28
22,5257.76,5257.76,439.247,2.88e-07,288,7.68e-07,1.056e-06,192,264,5563.5
23,5179.77,5179.77,436.503,2.8e-07,280,7.68e-07,1.048e-06,192,262,5297.64
24,5190.28,5190.28,436.843,2.8e-07,280,7.76e-07,1.056e-06,194,264,5343.16
25,5221.99,5221.99,438.726,2.88e-07,288,7.76e-07,1.064e-06,194,266,5488.35
26,5234.27,5234.27,440.388,2.88e-07,288,7.76e-07,1.064e-06,194,266,5527.77
27,5283.34,5283.34,440.829,3.04e-07,304,7.68e-07,1.072e-06,192,268,5602.37
28,5274.16,5274.16,440.829,2.96e-07,296,7.68e-07,1.064e-06,192,266,5582.58
29,5205.87,5205.87,438.325,2.88e-07,288,7.68e-07,1.056e-06,192,264,5339.28
30,5255.1,5255.1,438.526,2.96e-07,296,7.68e-07,1.064e-06,192,266,5531.15
31,5258.6,5258.6,437.744,2.88e-07,288,7.68e-07,1.056e-06,192,264,5575.99
32,5249.81,5249.81,439.908,2.88e-07,288,7.76e-07,1.064e-06,194,266,5556.13
33,5257.64,5257.64,440.589,2.96e-07,296,7.76e-07,1.072e-06,194,268,5587.77
34,5171.04,5171.04,439.407,2.8e-07,280,7.76e-07,1.056e-06,194,264,5301.32
35,5203.98,5203.98,439.247,2.88e-07,288,7.68e-07,1.056e-06,192,264,5349.97
36,5208.87,5208.87,438.706,2.88e-07,288,7.68e-07,1.056e-06,192,264,5340.38
37,5195.59,5195.59,439.006,2.8e-07,280,7.68e-07,1.048e-06,192,262,5345.27
38,5277.49,5277.49,439.447,2.96e-07,296,7.68e-07,1.064e-06,192,266,5569.81
39,5193.19,5193.19,436.102,2.8e-07,280,7.68e-07,1.048e-06,192,262,5335.67
40,5178.37,5178.37,436.583,2.8e-07,280,7.76e-07,1.056e-06,194,264,5329.08
41,5183.01,5183.01,437.985,2.8e-07,280,7.76e-07,1.056e-06,194,264,5326.54
42,5251.43,5251.43,440.168,2.96e-07,296,7.76e-07,1.072e-06,194,268,5567.26
43,5286.5,5286.5,440.829,3.04e-07,304,7.68e-07,1.072e-06,192,268,5603.93
44,5296.74,5296.74,441.81,3.04e-07,304,7.68e-07,1.072e-06,192,268,5606.8
45,5269.1,5269.1,439.207,3.04e-07,304,7.68e-07,1.072e-06,192,268,5580.52
46,5193.61,5193.61,436.282,2.8e-07,280,7.68e-07,1.048e-06,192,262,5318.95
47,5189.14,5189.14,437.124,2.8e-07,280,7.76e-07,1.056e-06,194,264,5330.16
48,5176.82,5176.82,437.524,2.8e-07,280,7.76e-07,1.056e-06,194,264,5294.97
49,5172.18,5172.18,438.506,2.8e-07,280,7.76e-07,1.056e-06,194,264,5334.31
50,5263.81,5263.81,440.769,2.96e-07,296,7.68e-07,1.064e-06,192,266,5542.01
51,5286.16,5286.16,441.85,3.04e-07,304,7.68e-07,1.072e-06,192,268,5591.26
52,5287.92,5287.92,441.009,3.04e-07,304,7.68e-07,1.072e-06,192,268,5613.55
53,5204.52,5204.52,438.465,2.88e-07,288,7.68e-07,1.056e-06,192,264,5384.22
54,5267.29,5267.29,439.207,2.96e-07,296,7.68e-07,1.064e-06,192,266,5569.93
55,5256.58,5256.58,437.584,2.96e-07,296,7.68e-07,1.064e-06,192,266,5571.85
56,5195.75,5195.75,436.222,2.88e-07,288,7.68e-07,1.056e-06,192,264,5335.69
57,5261.83,5261.83,438.706,3.04e-07,304,7.76e-07,1.08e-06,194,270,5574.45
58,5253.21,5253.21,440.428,2.96e-07,296,7.76e-07,1.072e-06,194,268,5547.49
59,5254.42,5254.42,440.749,2.96e-07,296,7.76e-07,1.072e-06,194,268,5562.74
60,5278.45,5278.45,441.009,3.04e-07,304,7.68e-07,1.072e-06,192,268,5580.86
61,5279.53,5279.53,440.969,2.96e-07,296,7.68e-07,1.064e-06,192,266,5572.61
62,5266.87,5266.87,439.807,2.96e-07,296,7.68e-07,1.064e-06,192,266,5547.19
63,5252.93,5252.93,440.368,2.88e-07,288,7.68e-07,1.056e-06,192,264,5501.59
64,5193.21,5193.21,437.744,2.8e-07,280,7.68e-07,1.048e-06,192,262,5331.21
65,5188.98,5188.98,436.643,2.8e-07,280,7.68e-07,1.048e-06,192,262,5316.04
66,5200.4,5200.4,435.822,2.88e-07,288,7.68e-07,1.056e-06,192,264,5394.09
67,5191.23,5191.23,436.803,2.8e-07,280,7.76e-07,1.056e-06,194,264,5372.94
68,5243.12,5243.12,439.327,2.88e-07,288,7.76e-07,1.064e-06,194,266,5532.41
69,5254.56,5254.56,440.268,2.96e-07,296,7.76e-07,1.072e-06,194,268,5590.37
70,5171.42,5171.42,439.066,2.8e-07,280,7.76e-07,1.056e-06,194,264,5343.48
71,5270.76,5270.76,440.789,2.96e-07,296,7.68e-07,1.064e-06,192,266,5569.48
72,5206.29,5206.29,439.667,2.88e-07,288,7.68e-07,1.056e-06,192,264,5327.04
73,5198.72,5198.72,438.345,2.88e-07,288,7.68e-07,1.056e-06,192,264,5324.62
74,5207.41,5207.41,438.526,2.88e-07,288,7.68e-07,1.056e-06,192,264,5373.57
75,5199.12,5199.12,437.785,2.8e-07,280,7.68e-07,1.048e-06,192,262,5338.5
76,5269.64,5269.64,438.626,2.96e-07,296,7.68e-07,1.064e-06,192,266,5604.72
77,5251.85,5251.85,437.644,2.96e-07,296,7.68e-07,1.064e-06,192,266,5545.79
78,5258.72,5258.72,437.564,2.96e-07,296,7.68e-07,1.064e-06,192,266,5595.54
79,5258.82,5258.82,438.746,2.96e-07,296,7.76e-07,1.072e-06,194,268,5562.64
80,5186.44,5186.44,438.626,2.8e-07,280,7.76e-07,1.056e-06,194,264,5317.91
81,5177.97,5177.97,438.806,2.8e-07,280,7.76e-07,1.056e-06,194,264,5351.99
82,5229.42,5229.42,440.609,2.88e-07,288,7.76e-07,1.064e-06,194,266,5545.13
83,5237.11,5237.11,440.448,2.96e-07,296,7.76e-07,1.072e-06,194,268,5582.18
84,5172.82,5172.82,439.247,2.8e-07,280,7.76e-07,1.056e-06,194,264,5348.39
85,5263.23,5263.23,440.368,2.96e-07,296,7.68e-07,1.064e-06,192,266,5558.67
86,5259.88,5259.88,440.508,2.88e-07,288,7.68e-07,1.056e-06,192,264,5556.29
87,5262.15,5262.15,438.626,2.96e-07,296,7.68e-07,1.064e-06,192,266,5565.44
88,5269.7,5269.7,437.865,2.96e-07,296,7.68e-07,1.064e-06,192,266,5580.24
89,5189.06,5189.06,436.322,2.8e-07,280,7.68e-07,1.048e-06,192,262,5319.63
90,5176.34,5176.34,436.763,2.8e-07,280,7.76e-07,1.056e-06,194,264,5296.68
91,5191.69,5191.69,437.544,2.8e-07,280,7.76e-07,1.056e-06,194,264,5387.39
92,5242.7,5242.7,440.388,2.88e-07,288,7.76e-07,1.064e-06,194,266,5556.67
93,5239.23,5239.23,440.829,2.88e-07,288,7.76e-07,1.064e-06,194,266,5575.55
94,5276.39,5276.39,441.67,2.96e-07,296,7.68e-07,1.064e-06,192,266,5559.55
95,5259.68,5259.68,440.649,2.96e-07,296,7.68e-07,1.064e-06,192,266,5521.86
96,5266.65,5266.65,440.729,2.96e-07,296,7.68e-07,1.064e-06,192,266,5555.77
97,5196.49,5196.49,438.546,2.8e-07,280,7.68e-07,1.048e-06,192,262,5318.57
98,5261.43,5261.43,439.667,2.96e-07,296,7.68e-07,1.064e-06,192,266,5538.8
99,5267.31,5267.31,438.966,3.04e-07,304,7.68e-07,1.072e-06,192,268,5582
100,5195.73,5195.73,437.164,2.8e-07,280,7.68e-07,1.048e-06,192,262,5367.34
101,5253.67,5253.67,437.825,2.96e-07,296,7.68e-07,1.064e-06,192,266,5502.81
102,5185.82,5185.82,435.902,2.8e-07,280,7.68e-07,1.048e-06,192,262,5318.37
103,5181.33,5181.33,436.423,2.8e-07,280,7.76e-07,1.056e-06,194,264,5313.28
104,5268.32,5268.32,439.247,3.04e-07,304,7.76e-07,1.08e-06,194,270,5574.45
105,5257.62,5257.62,440.208,2.96e-07,296,7.76e-07,1.072e-06,194,268,5590.82
106,5237.47,5237.47,440.228,2.88e-07,288,7.76e-07,1.064e-06,194,266,5554.14
107,5172.28,5172.28,439.407,2.8e-07,280,7.76e-07,1.056e-06,194,264,5370.9
108,5209.95,5209.95,439.247,2.88e-07,288,7.68e-07,1.056e-06,192,264,5352.68
109,5269.88,5269.88,440.088,2.96e-07,296,7.68e-07,1.064e-06,192,266,5578.6
110,5266.81,5266.81,440.068,2.96e-07,296,7.68e-07,1.064e-06,192,266,5573.83
111,5258.88,5258.88,438.766,2.96e-07,296,7.68e-07,1.064e-06,192,266,5540.04
112,5190.04,5190.04,435.181,2.8e-07,280,7.68e-07,1.048e-06,192,262,5344.76
113,5182.37,5182.37,436.783,2.8e-07,280,7.76e-07,1.056e-06,194,264,5329.54
114,5241.38,5241.38,440.028,2.88e-07,288,7.76e-07,1.064e-06,194,266,5569.85
115,5303.03,5303.03,442.151,3.04e-07,304,7.68e-07,1.072e-06,192,268,5643.15
116,5274.82,5274.82,441.249,3.04e-07,304,7.68e-07,1.072e-06,192,268,5581.44
117,5270.8,5270.8,441.029,2.96e-07,296,7.68e-07,1.064e-06,192,266,5529.65
118,5271.96,5271.96,438.846,3.04e-07,304,7.68e-07,1.072e-06,192,268,5576.72
119,5261.93,5261.93,438.666,2.96e-07,296,7.76e-07,1.072e-06,194,268,5579.76
120,5234.37,5234.37,440.368,2.88e-07,288,7.76e-07,1.064e-06,194,266,5543.17
121,5197.41,5197.41,439.126,2.88e-07,288,7.68e-07,1.056e-06,192,264,5341.78
122,5284.86,5284.86,440.268,3.04e-07,304,7.68e-07,1.072e-06,192,268,5585.73
123,5262.65,5262.65,437.364,2.96e-07,296,7.68e-07,1.064e-06,192,266,5594
124,5233.75,5233.75,440.028,2.88e-07,288,7.76e-07,1.064e-06,194,266,5517.93
125,5206.23,5206.23,439.006,2.88e-07,288,7.68e-07,1.056e-06,192,264,5344.52
126,5188.56,5188.56,437.384,2.8e-07,280,7.68e-07,1.048e-06,192,262,5344.6
127,5184.2,5184.2,437.404,2.8e-07,280,7.76e-07,1.056e-06,194,264,5316.02
128,5273.54,5273.54,440.789,2.96e-07,296,7.68e-07,1.064e-06,192,266,5571.47
129,5183.84,5183.84,435.241,2.8e-07,280,7.68e-07,1.048e-06,192,262,5318.59
130,5283.5,5283.5,441.51,3.04e-07,304,7.68e-07,1.072e-06,192,268,5582
131,5204.42,5204.42,438.025,2.88e-07,288,7.68e-07,1.056e-06,192,264,5327.02
132,5246.66,5246.66,439.287,2.88e-07,288,7.76e-07,1.064e-06,194,266,5565.14
133,5274.54,5274.54,441.009,2.96e-07,296,7.68e-07,1.064e-06,192,266,5590.01
134,5259.2,5259.2,436.963,2.96e-07,296,7.68e-07,1.064e-06,192,266,5556.31
135,5252.07,5252.07,441.57,2.96e-07,296,7.76e-07,1.072e-06,194,268,5554.82
136,5192.45,5192.45,437.965,2.8e-07,280,7.68e-07,1.048e-06,192,262,5339.74
137,5244.38,5244.38,440.108,2.88e-07,288,7.76e-07,1.064e-06,194,266,5530.85
138,5202.08,5202.08,438.385,2.88e-07,288,7.68e-07,1.056e-06,192,264,5305.71
139,5275.05,5275.05,438.686,3.04e-07,304,7.76e-07,1.08e-06,194,270,5582.04
140,5273.36,5273.36,440.909,2.96e-07,296,7.68e-07,1.064e-06,192,266,5571.41
141,5266.95,5266.95,437.003,2.96e-07,296,7.68e-07,1.064e-06,192,266,5575.59
142,5167.51,5167.51,438.486,2.8e-07,280,7.76e-07,1.056e-06,194,264,5321.19
143,5274.56,5274.56,438.766,2.96e-07,296,7.68e-07,1.064e-06,192,266,5577.98
144,5240.76,5240.76,440.268,2.88e-07,288,7.76e-07,1.064e-06,194,266,5548.7
145,5203.48,5203.48,438.025,2.88e-07,288,7.68e-07,1.056e-06,192,264,5354.66
146,5243.86,5243.86,440.148,2.96e-07,296,7.76e-07,1.072e-06,194,268,5552.42
147,5260.06,5260.06,439.747,2.88e-07,288,7.68e-07,1.056e-06,192,264,5542.89
148,5245.46,5245.46,440.568,2.88e-07,288,7.76e-07,1.064e-06,194,266,5563.12
149,5260.68,5260.68,439.066,2.96e-07,296,7.68e-07,1.064e-06,192,266,5536.14
150,5252.93,5252.93,440.268,2.88e-07,288,7.76e-07,1.064e-06,194,266,5583.79
151,5198.5,5198.5,438.125,2.88e-07,288,7.68e-07,1.056e-06,192,264,5318.71
152,5168.59,5168.59,438.205,2.72e-07,272,7.76e-07,1.048e-06,194,262,5307.21
153,5196.81,5196.81,437.925,2.8e-07,280,7.68e-07,1.048e-06,192,262,5324.4
154,5177.09,5177.09,438.486,2.8e-07,280,7.76e-07,1.056e-06,194,264,5316.42
155,5199.56,5199.56,438.065,2.8e-07,280,7.68e-07,1.048e-06,192,262,5345.89
156,5222.65,5222.65,440.128,2.88e-07,288,7.76e-07,1.064e-06,194,266,5525.14
157,5261.79,5261.79,438.526,2.96e-07,296,7.68e-07,1.064e-06,192,266,5569.97
158,5172.1,5172.1,439.507,2.8e-07,280,7.76e-07,1.056e-06,194,264,5325.7
159,5185.16,5185.16,435.822,2.8e-07,280,7.68e-07,1.048e-06,192,262,5322.13
160,5284.54,5284.54,441.209,3.04e-07,304,7.68e-07,1.072e-06,192,268,5604.66
161,5273.82,5273.82,438.866,3.04e-07,304,7.76e-07,1.08e-06,194,270,5582.3
162,5206.21,5206.21,438.445,2.88e-07,288,7.68e-07,1.056e-06,192,264,5350.49
163,5176.04,5176.04,438.666,2.8e-07,280,7.76e-07,1.056e-06,194,264,5318.95
164,5275.47,5275.47,439.587,2.96e-07,296,7.68e-07,1.064e-06,192,266,5597.89
165,5175.3,5175.3,439.247,2.8e-07,280,7.76e-07,1.056e-06,194,264,5359.41
166,5257.9,5257.9,437.364,2.96e-07,296,7.68e-07,1.064e-06,192,266,5573.13
167,5207.31,5207.31,439.066,2.88e-07,288,7.68e-07,1.056e-06,192,264,5326.94
168,5250.17,5250.17,439.467,2.96e-07,296,7.76e-07,1.072e-06,194,268,5543.97
169,5278.43,5278.43,439.847,3.04e-07,304,7.68e-07,1.072e-06,192,268,5604.11
170,5204.76,5204.76,439.106,2.88e-07,288,7.68e-07,1.056e-06,192,264,5343.38
171,5184.96,5184.96,437.825,2.8e-07,280,7.76e-07,1.056e-06,194,264,5330.94
172,5270.66,5270.66,439.527,2.96e-07,296,7.68e-07,1.064e-06,192,266,5570.83
173,5254.28,5254.28,440.849,2.96e-07,296,7.76e-07,1.072e-06,194,268,5619.3
174,5192.59,5192.59,436.202,2.8e-07,280,7.68e-07,1.048e-06,192,262,5331.75
175,5269.76,5269.76,441.109,2.96e-07,296,7.68e-07,1.064e-06,192,266,5530.79
176,5184.16,5184.16,438.265,2.8e-07,280,7.76e-07,1.056e-06,194,264,5299.88
177,5251.51,5251.51,439.167,2.88e-07,288,7.68e-07,1.056e-06,192,264,5552.64
178,5170.44,5170.44,438.966,2.8e-07,280,7.76e-07,1.056e-06,194,264,5330.58
179,5249.31,5249.31,437.724,2.96e-07,296,7.68e-07,1.064e-06,192,266,5529.81
180,5211.41,5211.41,438.926,2.88e-07,288,7.68e-07,1.056e-06,192,264,5337.93
181,5249.35,5249.35,440.929,2.96e-07,296,7.76e-07,1.072e-06,194,268,5588.67
182,5194.75,5194.75,436.783,2.8e-07,280,7.68e-07,1.048e-06,192,262,5332.13
183,5289.27,5289.27,440.709,3.04e-07,304,7.68e-07,1.072e-06,192,268,5605.22
184,5246.92,5246.92,439.567,2.96e-07,296,7.76e-07,1.072e-06,194,268,5545.47
185,5184.24,5184.24,437.464,2.8e-07,280,7.68e-07,1.048e-06,192,262,5287.28
186,5163.97,5163.97,439.066,2.8e-07,280,7.76e-07,1.056e-06,194,264,5336.83
187,5176.88,5176.88,437.164,2.72e-07,272,7.76e-07,1.048e-06,194,262,5325.64
188,5278.29,5278.29,439.827,3.04e-07,304,7.68e-07,1.072e-06,192,268,5577.62
189,5295.97,5295.97,441.39,3.04e-07,304,7.68e-07,1.072e-06,192,268,5620.08
190,5264.31,5264.31,440.809,2.96e-07,296,7.76e-07,1.072e-06,194,268,5626.35
191,5270.54,5270.54,438.245,2.96e-07,296,7.68e-07,1.064e-06,192,266,5597.89
192,5282.2,5282.2,441.31,2.96e-07,296,7.68e-07,1.064e-06,192,266,5578.14
193,5179.57,5179.57,439.247,2.8e-07,280,7.76e-07,1.056e-06,194,264,5340.32
194,5266.75,5266.75,438.105,2.96e-07,296,7.68e-07,1.064e-06,192,266,5545.41
195,5191.59,5191.59,439.006,2.8e-07,280,7.68e-07,1.048e-06,192,262,5334.15
196,5235.15,5235.15,440.028,2.88e-07,288,7.76e-07,1.064e-06,194,266,5520.6
197,5203.96,5203.96,436.983,2.8e-07,280,7.68e-07,1.048e-06,192,262,5354.86
198,5280.61,5280.61,440.829,3.04e-07,304,7.68e-07,1.072e-06,192,268,5616.53
199,5257.06,5257.06,439.867,2.96e-07,296,7.76e-07,1.072e-06,194,268,5590.43
200,5256.18,5256.18,438.606,2.96e-07,296,7.68e-07,1.064e-06,192,266,5543.53
201,5284.64,5284.64,440.969,3.04e-07,304,7.68e-07,1.072e-06,192,268,5592.02
202,5247.99,5247.99,439.267,2.88e-07,288,7.76e-07,1.064e-06,194,266,5556.89
203,5275.65,5275.65,439.026,3.04e-07,304,7.68e-07,1.072e-06,192,268,5586.69
204,5206.33,5206.33,439.146,2.88e-07,288,7.68e-07,1.056e-06,192,264,5369.98
205,5194.73,5194.73,438.185,2.8e-07,280,7.76e-07,1.056e-06,194,264,5338.48
206,5200.82,5200.82,437.284,2.88e-07,288,7.68e-07,1.056e-06,192,264,5356.44
207,5271.44,5271.44,440.949,2.96e-07,296,7.68e-07,1.064e-06,192,266,5554.18
208,5176.74,5176.74,437.704,2.8e-07,280,7.76e-07,1.056e-06,194,264,5332.93
209,5195.19,5195.19,436.663,2.8e-07,280,7.68e-07,1.048e-06,192,262,5331.13
210,5195.65,5195.65,439.086,2.88e-07,288,7.68e-07,1.056e-06,192,264,5343.16
211,5165.47,5165.47,439.066,2.72e-07,272,7.76e-07,1.048e-06,194,262,5327.12
212,5195.19,5195.19,437.724,2.8e-07,280,7.76e-07,1.056e-06,194,264,5348.45
213,5189.92,5189.92,437.324,2.8e-07,280,7.68e-07,1.048e-06,192,262,5311.26
214,5206.23,5206.23,439.507,2.88e-07,288,7.68e-07,1.056e-06,192,264,5386.94
215,5233.79,5233.79,439.507,2.88e-07,288,7.76e-07,1.064e-06,194,266,5532.95
216,5262.29,5262.29,438.586,2.96e-07,296,7.68e-07,1.064e-06,192,266,5582.96
217,5268.01,5268.01,440.649,2.96e-07,296,7.68e-07,1.064e-06,192,266,5540.8
218,5256.84,5256.84,440.589,2.96e-07,296,7.76e-07,1.072e-06,194,268,5588.29
219,5189.82,5189.82,435.922,2.8e-07,280,7.68e-07,1.048e-06,192,262,5350.09
220,5197.55,5197.55,438.746,2.88e-07,288,7.68e-07,1.056e-06,192,264,5319.55
221,5271.46,5271.46,440.308,3.04e-07,304,7.76e-07,1.08e-06,194,270,5615.01
222,5192.41,5192.41,436.663,2.8e-07,280,7.68e-07,1.048e-06,192,262,5355.52
223,5207.15,5207.15,439.507,2.88e-07,288,7.68e-07,1.056e-06,192,264,5347.17
224,5261.35,5261.35,439.587,2.96e-07,296,7.76e-07,1.072e-06,194,268,5589.17
225,5194.29,5194.29,438.325,2.8e-07,280,7.68e-07,1.048e-06,192,262,5321.65
226,5284.14,5284.14,440.548,3.04e-07,304,7.68e-07,1.072e-06,192,268,5582.8
227,5267.49,5267.49,437.344,2.96e-07,296,7.68e-07,1.064e-06,192,266,5589.87
228,5208.67,5208.67,439.447,2.88e-07,288,7.68e-07,1.056e-06,192,264,5348.19
229,5266.81,5266.81,438.526,2.88e-07,288,7.76e-07,1.064e-06,194,266,5621.74
230,5260.64,5260.64,440.048,2.96e-07,296,7.68e-07,1.064e-06,192,266,5539.88
231,5175.68,5175.68,436.723,2.8e-07,280,7.76e-07,1.056e-06,194,264,5304.71
232,5282.03,5282.03,441.41,3.04e-07,304,7.68e-07,1.072e-06,192,268,5572.63
233,5244.6,5244.6,438.986,2.88e-07,288,7.76e-07,1.064e-06,194,266,5545.31
234,5190.78,5190.78,438.566,2.8e-07,280,7.68e-07,1.048e-06,192,262,5320.71
235,5247.73,5247.73,439.747,2.88e-07,288,7.76e-07,1.064e-06,194,266,5550.62
236,5266.97,5266.97,440.108,2.96e-07,296,7.68e-07,1.064e-06,192,266,5571.27
237,5181.49,5181.49,438.566,2.8e-07,280,7.76e-07,1.056e-06,194,264,5327.9
238,5281.39,5281.39,439.888,3.04e-07,304,7.68e-07,1.072e-06,192,268,5592.52
239,5179.43,5179.43,438.345,2.8e-07,280,7.76e-07,1.056e-06,194,264,5328.36
240,5277.43,5277.43,439.467,3.04e-07,304,7.68e-07,1.072e-06,192,268,5580.32
241,5242.96,5242.96,440.448,2.88e-07,288,7.76e-07,1.064e-06,194,266,5564.84
242,5262.83,5262.83,439.247,2.96e-07,296,7.68e-07,1.064e-06,192,266,5557.11
243,5237.87,5237.87,440.849,2.88e-07,288,7.76e-07,1.064e-06,194,266,5573.81
244,5270.76,5270.76,438.846,2.96e-07,296,7.68e-07,1.064e-06,192,266,5586.69
245,5166.83,5166.83,439.487,2.72e-07,272,7.76e-07,1.048e-06,194,262,5338.06
246,5188.74,5188.74,435.822,2.8e-07,280,7.68e-07,1.048e-06,192,262,5354.42
247,5165.69,5165.69,439.227,2.8e-07,280,7.76e-07,1.056e-06,194,264,5342.3
248,5257.68,5257.68,438.686,3.04e-07,304,7.76e-07,1.08e-06,194,270,5594.92
249,5249.01,5249.01,439.948,2.96e-07,296,7.68e-07,1.064e-06,192,266,5516.81
250,5249.07,5249.07,440.268,2.96e-07,296,7.76e-07,1.072e-06,194,268,5583.12
251,5185.64,5185.64,436.883,2.8e-07,280,7.68e-07,1.048e-06,192,262,5328.28
252,5266.75,5266.75,439.827,2.96e-07,296,7.68e-07,1.064e-06,192,266,5556.21
253,5177.71,5177.71,438.285,2.8e-07,280,7.76e-07,1.056e-06,194,264,5317.23
254,5192.71,5192.71,437.564,2.8e-07,280,7.68e-07,1.048e-06,192,262,5320.45
255,5207.51,5207.51,439.006,2.88e-07,288,7.68e-07,1.056e-06,192,264,5358
256,5258.72,5258.72,439.166,2.96e-07,296,7.76e-07,1.072e-06,194,268,5597.1
257,5260.12,5260.12,440.008,2.96e-07,296,7.68e-07,1.064e-06,192,266,5535.9
258,5275.27,5275.27,441.43,2.96e-07,296,7.68e-07,1.064e-06,192,266,5571.21
259,5182.59,5182.59,436.883,2.8e-07,280,7.76e-07,1.056e-06,194,264,5340.76
260,5266.75,5266.75,440.008,2.96e-07,296,7.68e-07,1.064e-06,192,266,5562.64
261,5179.57,5179.57,439.167,2.8e-07,280,7.76e-07,1.056e-06,194,264,5375.27
262,5189.9,5189.9,436.443,2.8e-07,280,7.68e-07,1.048e-06,192,262,5329
263,5208.71,5208.71,439.146,2.88e-07,288,7.68e-07,1.056e-06,192,264,5388.81
264,5250.15,5250.15,441.61,2.88e-07,288,7.76e-07,1.064e-06,194,266,5579.1
265,5269.9,5269.9,437.885,2.96e-07,296,7.68e-07,1.064e-06,192,266,5568.96
266,5199.26,5199.26,438.686,2.8e-07,280,7.68e-07,1.048e-06,192,262,5349.71
267,5245.14,5245.14,440.769,2.96e-07,296,7.76e-07,1.072e-06,194,268,5547.71
268,5255.54,5255.54,438.345,2.88e-07,288,7.68e-07,1.056e-06,192,264,5531.41
269,5167.31,5167.31,439.567,2.8e-07,280,7.76e-07,1.056e-06,194,264,5359.91
270,5188.14,5188.14,436.583,2.8e-07,280,7.76e-07,1.056e-06,194,264,5338.9
271,5205.97,5205.97,438.926,2.8e-07,280,7.68e-07,1.048e-06,192,262,5391.77
272,5229.44,5229.44,439.968,2.88e-07,288,7.76e-07,1.064e-06,194,266,5514.25
273,5242.22,5242.22,437.704,2.96e-07,296,7.68e-07,1.064e-06,192,266,5512.24
274,5223.41,5223.41,440.789,2.88e-07,288,7.76e-07,1.064e-06,194,266,5534.43
275,5181.53,5181.53,435.461,2.8e-07,280,7.68e-07,1.048e-06,192,262,5309.77
276,5282.64,5282.64,440.929,3.04e-07,304,7.68e-07,1.072e-06,192,268,5573.01
277,5268.58,5268.58,437.484,2.96e-07,296,7.68e-07,1.064e-06,192,266,5583
278,5277.93,5277.93,441.45,2.96e-07,296,7.68e-07,1.064e-06,192,266,5556.63
279,5268.56,5268.56,438.646,2.96e-07,296,7.68e-07,1.064e-06,192,266,5632.49
280,5208.41,5208.41,439.507,2.88e-07,288,7.68e-07,1.056e-06,192,264,5366.92
281,5255.5,5255.5,437.264,2.96e-07,296,7.68e-07,1.064e-06,192,266,5582.7
282,5162.2,5162.2,438.966,2.72e-07,272,7.76e-07,1.048e-06,194,262,5326.52
283,5189.12,5189.12,435.762,2.8e-07,280,7.68e-07,1.048e-06,192,262,5326.32
284,5168.31,5168.31,439.086,2.72e-07,272,7.76e-07,1.048e-06,194,262,5301.28
285,5191.73,5191.73,437.224,2.8e-07,280,7.68e-07,1.048e-06,192,262,5354.7
286,5237.33,5237.33,440.368,2.88e-07,288,7.76e-07,1.064e-06,194,266,5581.38
287,5268.88,5268.88,439.988,2.96e-07,296,7.68e-07,1.064e-06,192,266,5567.6
288,5176.72,5176.72,438.265,2.72e-07,272,7.76e-07,1.048e-06,194,262,5341.6
289,5201.42,5201.42,439.006,2.8e-07,280,7.68e-07,1.048e-06,192,262,5353.62
290,5263.09,5263.09,437.744,2.88e-07,288,7.68e-07,1.056e-06,192,264,5590.98
291,5176.36,5176.36,439.387,2.8e-07,280,7.76e-07,1.056e-06,194,264,5324.44
292,5195.23,5195.23,437.484,2.88e-07,288,7.68e-07,1.056e-06,192,264,5311.44
293,5258.86,5258.86,440.709,2.96e-07,296,7.68e-07,1.064e-06,192,266,5548.15
294,5249.71,5249.71,437.584,2.96e-07,296,7.76e-07,1.072e-06,194,268,5557.77
295,5279.39,5279.39,441.229,3.04e-07,304,7.68e-07,1.072e-06,192,268,5562.6
296,5267.17,5267.17,439.647,2.96e-07,296,7.68e-07,1.064e-06,192,266,5555.5
297,5193.47,5193.47,438.085,2.8e-07,280,7.76e-07,1.056e-06,194,264,5376.57
298,5259.86,5259.86,440.629,2.96e-07,296,7.68e-07,1.064e-06,192,266,5519.33
299,5276.25,5276.25,438.746,3.04e-07,304,7.68e-07,1.072e-06,192,268,5588.69
300,5267.59,5267.59,440.629,3.04e-07,304,7.76e-07,1.08e-06,194,270,5588.75
301,5188.74,5188.74,438.405,2.8e-07,280,7.68e-07,1.048e-06,192,262,5327.14
302,5261.49,5261.49,437.424,2.96e-07,296,7.68e-07,1.064e-06,192,266,5565.16
303,5176.28,5176.28,439.607,2.8e-07,280,7.76e-07,1.056e-06,194,264,5326.98
304,5200.2,5200.2,437.885,2.88e-07,288,7.68e-07,1.056e-06,192,264,5349.23
305,5257.9,5257.9,439.968,2.96e-07,296,7.76e-07,1.072e-06,194,268,5618.6
306,5196.25,5196.25,438.806,2.8e-07,280,7.68e-07,1.048e-06,192,262,5335.53
307,5184.14,5184.14,435.461,2.8e-07,280,7.68e-07,1.048e-06,192,262,5330.56
308,5241.28,5241.28,441.169,2.88e-07,288,7.76e-07,1.064e-06,194,266,5571.51
309,5269.56,5269.56,439.106,2.96e-07,296,7.68e-07,1.064e-06,192,266,5568.48
310,5179.65,5179.65,438.686,2.8e-07,280,7.76e-07,1.056e-06,194,264,5338.42
311,5211.79,5211.79,439.187,2.88e-07,288,7.68e-07,1.056e-06,192,264,5334.51
312,5187.52,5187.52,436.062,2.8e-07,280,7.68e-07,1.048e-06,192,262,5323.55
313,5296.6,5296.6,441.29,3.04e-07,304,7.68e-07,1.072e-06,192,268,5635.4
314,5200.64,5200.64,438.526,2.88e-07,288,7.68e-07,1.056e-06,192,264,5341.32
315,5251.75,5251.75,438.766,2.96e-07,296,7.76e-07,1.072e-06,194,268,5569.52
316,5274.96,5274.96,440.909,2.96e-07,296,7.68e-07,1.064e-06,192,266,5546.41
317,5238.93,5238.93,438.185,2.88e-07,288,7.68e-07,1.056e-06,192,264,5489.01
318,5257.92,5257.92,440.448,2.96e-07,296,7.76e-07,1.072e-06,194,268,5572.87
319,5274.76,5274.76,441.029,2.96e-07,296,7.68e-07,1.064e-06,192,266,5557.41
320,5194.89,5194.89,436.643,2.8e-07,280,7.68e-07,1.048e-06,192,262,5337.91
321,5272.84,5272.84,441.009,2.96e-07,296,7.68e-07,1.064e-06,192,266,5594.52
322,5247.04,5247.04,438.666,2.88e-07,288,7.68e-07,1.056e-06,192,264,5520.48
323,5246.86,5246.86,440.709,2.88e-07,288,7.76e-07,1.064e-06,194,266,5561.03
324,5262.95,5262.95,439.667,2.96e-07,296,7.68e-07,1.064e-06,192,266,5528.03
325,5188.46,5188.46,436.643,2.8e-07,280,7.76e-07,1.056e-06,194,264,5315.44
326,5281.07,5281.07,441.39,3.04e-07,304,7.68e-07,1.072e-06,192,268,5559.59
327,5205.87,5205.87,436.563,2.88e-07,288,7.68e-07,1.056e-06,192,264,5370.38
328,5185,5185,440.028,2.8e-07,280,7.76e-07,1.056e-06,194,264,5340.86
329,5277.05,5277.05,440.028,2.96e-07,296,7.68e-07,1.064e-06,192,266,5561.53
330,5240.54,5240.54,439.787,2.88e-07,288,7.76e-07,1.064e-06,194,266,5533.35
331,5273.34,5273.34,441.009,2.96e-07,296,7.68e-07,1.064e-06,192,266,5559.07
332,5245.78,5245.78,437.624,2.88e-07,288,7.76e-07,1.064e-06,194,266,5544.91
333,5168.03,5168.03,439.587,2.8e-07,280,7.76e-07,1.056e-06,194,264,5321.99
334,5242.22,5242.22,440.308,2.88e-07,288,7.76e-07,1.064e-06,194,266,5585.95
335,5200.14,5200.14,438.946,2.88e-07,288,7.68e-07,1.056e-06,192,264,5333.11
336,5244.28,5244.28,439.126,2.88e-07,288,7.76e-07,1.064e-06,194,266,5541.44
337,5269.02,5269.02,441.089,2.96e-07,296,7.68e-07,1.064e-06,192,266,5547.43
338,5189.62,5189.62,435.962,2.8e-07,280,7.68e-07,1.048e-06,192,262,5378.55
339,5276.33,5276.33,441.57,2.96e-07,296,7.68e-07,1.064e-06,192,266,5568.92
340,5192.29,5192.29,436.062,2.8e-07,280,7.68e-07,1.048e-06,192,262,5350.87
341,5198.52,5198.52,439.387,2.8e-07,280,7.68e-07,1.048e-06,192,262,5329.8
342,5248.67,5248.67,437.504,2.88e-07,288,7.68e-07,1.056e-06,192,264,5591.04
343,5274.16,5274.16,441.029,2.96e-07,296,7.68e-07,1.064e-06,192,266,5577.46
344,5184.2,5184.2,435.641,2.8e-07,280,7.68e-07,1.048e-06,192,262,5295.03
345,5207.01,5207.01,439.327,2.88e-07,288,7.68e-07,1.056e-06,192,264,5360.93
346,5189.64,5189.64,436.583,2.8e-07,280,7.76e-07,1.056e-06,194,264,5376.85
347,5203.98,5203.98,439.207,2.8e-07,280,7.68e-07,1.048e-06,192,262,5348.41
348,5181.53,5181.53,437.524,2.8e-07,280,7.76e-07,1.056e-06,194,264,5332.63
349,5192.47,5192.47,437.865,2.8e-07,280,7.68e-07,1.048e-06,192,262,5341.72
350,5247.93,5247.93,440.448,2.96e-07,296,7.76e-07,1.072e-06,194,268,5556.19
351,5214.18,5214.18,438.285,2.88e-07,288,7.68e-07,1.056e-06,192,264,5371.12
352,5179.61,5179.61,438.786,2.8e-07,280,7.76e-07,1.056e-06,194,264,5340.5
353,5256.86,5256.86,438.886,2.96e-07,296,7.68e-07,1.064e-06,192,266,5570.65
354,5178.89,5178.89,439.347,2.8e-07,280,7.76e-07,1.056e-06,194,264,5373.47
355,5199.7,5199.7,437.124,2.88e-07,288,7.68e-07,1.056e-06,192,264,5342.52
356,5171.82,5171.82,439.327,2.72e-07,272,7.76e-07,1.048e-06,194,262,5361.13
357,5182.61,5182.61,435.862,2.8e-07,280,7.68e-07,1.048e-06,192,262,5293.39
358,5172.72,5172.72,439.227,2.8e-07,280,7.76e-07,1.056e-06,194,264,5321.79
359,5257.44,5257.44,438.125,2.96e-07,296,7.68e-07,1.064e-06,192,266,5544.51
360,5245,5245,440.809,2.96e-07,296,7.76e-07,1.072e-06,194,268,5595.44
361,5202.88,5202.88,437.744,2.8e-07,280,7.68e-07,1.048e-06,192,262,5347.55
362,5187.86,5187.86,438.726,2.8e-07,280,7.76e-07,1.056e-06,194,264,5382.04
363,5193.41,5193.41,438.305,2.8e-07,280,7.68e-07,1.048e-06,192,262,5314.22
364,5250.11,5250.11,439.327,2.96e-07,296,7.76e-07,1.072e-06,194,268,5555.81
365,5207.27,5207.27,439.827,2.88e-07,288,7.68e-07,1.056e-06,192,264,5326.18
366,5187.8,5187.8,435.641,2.8e-07,280,7.68e-07,1.048e-06,192,262,5331.99
367,5277.01,5277.01,440.829,2.96e-07,296,7.68e-07,1.064e-06,192,266,5565.32
368,5183.86,5183.86,438.345,2.8e-07,280,7.68e-07,1.048e-06,192,262,5298.4
369,5255.7,5255.7,440.368,2.96e-07,296,7.76e-07,1.072e-06,194,268,5582.68
370,5267.41,5267.41,441.149,2.96e-07,296,7.68e-07,1.064e-06,192,266,5578.36
371,5188.28,5188.28,435.862,2.8e-07,280,7.68e-07,1.048e-06,192,262,5321.65
372,5242.48,5242.48,441.069,2.88e-07,288,7.76e-07,1.064e-06,194,266,5564.12
373,5245.98,5245.98,440.128,2.96e-07,296,7.68e-07,1.064e-06,192,266,5472.93
374,5171.66,5171.66,438.566,2.8e-07,280,7.76e-07,1.056e-06,194,264,5324.28
375,5278.49,5278.49,440.809,2.96e-07,296,7.68e-07,1.064e-06,192,266,5580.46
376,5261.67,5261.67,437.504,2.96e-07,296,7.68e-07,1.064e-06,192,266,5553.02
377,5297.1,5297.1,441.47,3.04e-07,304,7.68e-07,1.072e-06,192,268,5602.37
378,5199.8,5199.8,438.405,2.8e-07,280,7.68e-07,1.048e-06,192,262,5353.28
379,5190.28,5190.28,435.641,2.8e-07,280,7.68e-07,1.048e-06,192,262,5347.73
380,5168.41,5168.41,439.447,2.72e-07,272,7.76e-07,1.048e-06,194,262,5307.35
381,5192.17,5192.17,438.145,2.8e-07,280,7.68e-07,1.048e-06,192,262,5311.02
382,5252.35,5252.35,438.465,2.96e-07,296,7.76e-07,1.072e-06,194,268,5551.42
383,5184.02,5184.02,439.988,2.8e-07,280,7.76e-07,1.056e-06,194,264,5363.81
384,5197.23,5197.23,438.946,2.8e-07,280,7.68e-07,1.048e-06,192,262,5328.68
385,5211.65,5211.65,437.164,2.88e-07,288,7.76e-07,1.064e-06,194,266,5370.66
386,5179.27,5179.27,439.447,2.8e-07,280,7.76e-07,1.056e-06,194,264,5373.08
387,5218.48,5218.48,438.886,2.88e-07,288,7.68e-07,1.056e-06,192,264,5359.1
388,5187.5,5187.5,435.742,2.8e-07,280,7.68e-07,1.048e-06,192,262,5301.8
389,5234.83,5234.83,440.428,2.88e-07,288,7.76e-07,1.064e-06,194,266,5515.75
390,5271.26,5271.26,440.949,2.96e-07,296,7.68e-07,1.064e-06,192,266,5563.82
391,5273.98,5273.98,438.866,2.96e-07,296,7.68e-07,1.064e-06,192,266,5598.01
392,5167.37,5167.37,437.945,2.72e-07,272,7.76e-07,1.048e-06,194,262,5345.75
393,5174.96,5174.96,439.106,2.8e-07,280,7.76e-07,1.056e-06,194,264,5373.19
394,5277.55,5277.55,440.328,2.96e-07,296,7.68e-07,1.064e-06,192,266,5573.19
395,5180.99,5180.99,435.962,2.8e-07,280,7.68e-07,1.048e-06,192,262,5311.64
396,5253.71,5253.71,440.769,2.96e-07,296,7.76e-07,1.072e-06,194,268,5560.95
397,5270.12,5270.12,440.789,2.96e-07,296,7.68e-07,1.064e-06,192,266,5575.85
398,5255.38,5255.38,438.746,2.96e-07,296,7.68e-07,1.064e-06,192,266,5514.15
399,5187.22,5187.22,437.164,2.8e-07,280,7.76e-07,1.056e-06,194,264,5350.15
400,5184.28,5184.28,439.487,2.8e-07,280,7.76e-07,1.056e-06,194,264,5361.27
401,5203.92,5203.92,438.686,2.88e-07,288,7.68e-07,1.056e-06,192,264,5336.79
402,5267.89,5267.89,438.586,2.96e-07,296,7.68e-07,1.064e-06,192,266,5589.47
403,5183.69,5183.69,438.145,2.8e-07,280,7.76e-07,1.056e-06,194,264,5340.62
404,5273.48,5273.48,441.57,2.96e-07,296,7.68e-07,1.064e-06,192,266,5534.52
405,5286.42,5286.42,440.148,3.04e-07,304,7.68e-07,1.072e-06,192,268,5602.35
406,5185.98,5185.98,435.762,2.8e-07,280,7.68e-07,1.048e-06,192,262,5303.49
407,5261.57,5261.57,440.468,2.96e-07,296,7.76e-07,1.072e-06,194,268,5567.76
408,5279.87,5279.87,441.229,3.04e-07,304,7.68e-07,1.072e-06,192,268,5581.78
409,5271.64,5271.64,439.888,2.96e-07,296,7.68e-07,1.064e-06,192,266,5576.01
410,5266.35,5266.35,437.825,3.04e-07,304,7.68e-07,1.072e-06,192,268,5570.99
411,5240.22,5240.22,439.867,2.88e-07,288,7.76e-07,1.064e-06,194,266,5558.87
412,5280.85,5280.85,441.029,2.96e-07,296,7.68e-07,1.064e-06,192,266,5554.72
413,5185,5185,437.825,2.8e-07,280,7.68e-07,1.048e-06,192,262,5297.82
414,5261.31,5261.31,437.324,2.96e-07,296,7.68e-07,1.064e-06,192,266,5577
415,5166.77,5166.77,439.387,2.8e-07,280,7.76e-07,1.056e-06,194,264,5342.16
416,5275.13,5275.13,440.729,2.96e-07,296,7.68e-07,1.064e-06,192,266,5581.94
417,5268.08,5268.08,437.464,2.88e-07,288,7.68e-07,1.056e-06,192,264,5603.35
418,5254.1,5254.1,439.988,2.96e-07,296,7.76e-07,1.072e-06,194,268,5612.93
419,5279.79,5279.79,440.789,2.96e-07,296,7.68e-07,1.064e-06,192,266,5596.92
420,5260.22,5260.22,440.028,2.88e-07,288,7.68e-07,1.056e-06,192,264,5517.69
421,5190.16,5190.16,436.663,2.8e-07,280,7.68e-07,1.048e-06,192,262,5336.33
422,5185.7,5185.7,437.905,2.8e-07,280,7.76e-07,1.056e-06,194,264,5341.2
423,5169.98,5169.98,439.006,2.72e-07,272,7.76e-07,1.048e-06,194,262,5331.37
424,5204.04,5204.04,439.126,2.88e-07,288,7.68e-07,1.056e-06,192,264,5355.14
425,5268.12,5268.12,439.968,2.96e-07,296,7.68e-07,1.064e-06,192,266,5583.75
426,5261.39,5261.39,437.424,2.96e-07,296,7.68e-07,1.064e-06,192,266,5561.05
427,5200.84,5200.84,438.906,2.8e-07,280,7.76e-07,1.056e-06,194,264,5409.18
428,5180.53,5180.53,439.928,2.8e-07,280,7.76e-07,1.056e-06,194,264,5394.24
429,5199.06,5199.06,438.566,2.8e-07,280,7.68e-07,1.048e-06,192,262,5310.68
430,5186.08,5186.08,436.443,2.8e-07,280,7.68e-07,1.048e-06,192,262,5323.15
431,5246.68,5246.68,438.626,2.96e-07,296,7.76e-07,1.072e-06,194,268,5542.07
432,5172.96,5172.96,438.866,2.72e-07,272,7.76e-07,1.048e-06,194,262,5324.16
433,5289.25,5289.25,440.909,3.04e-07,304,7.68e-07,1.072e-06,192,268,5628.89
434,5198.16,5198.16,437.244,2.8e-07,280,7.68e-07,1.048e-06,192,262,5346.59
435,5246.3,5246.3,437.404,2.96e-07,296,7.68e-07,1.064e-06,192,266,5525.08
436,5252.31,5252.31,440.068,2.96e-07,296,7.76e-07,1.072e-06,194,268,5562.51
437,5173.94,5173.94,439.387,2.8e-07,280,7.76e-07,1.056e-06,194,264,5357.14
438,5239.01,5239.01,439.888,2.88e-07,288,7.68e-07,1.056e-06,192,264,5503.57
439,5187.88,5187.88,436.322,2.8e-07,280,7.68e-07,1.048e-06,192,262,5314.14
440,5252.49,5252.49,438.686,2.96e-07,296,7.76e-07,1.072e-06,194,268,5534.21
441,5179.37,5179.37,439.307,2.8e-07,280,7.76e-07,1.056e-06,194,264,5371.82
442,5207.79,5207.79,439.507,2.88e-07,288,7.68e-07,1.056e-06,192,264,5326.86
443,5201.58,5201.58,438.506,2.8e-07,280,7.68e-07,1.048e-06,192,262,5353.48
444,5259.48,5259.48,437.925,2.96e-07,296,7.68e-07,1.064e-06,192,266,5550.66
445,5164.85,5164.85,437.124,2.8e-07,280,7.76e-07,1.056e-06,194,264,5284.42
446,5165.89,5165.89,439.287,2.72e-07,272,7.76e-07,1.048e-06,194,262,5324.88
447,5196.09,5196.09,438.966,2.8e-07,280,7.68e-07,1.048e-06,192,262,5316.26
448,5209.31,5209.31,438.025,2.88e-07,288,7.68e-07,1.056e-06,192,264,5341.42
449,5253.27,5253.27,436.923,2.96e-07,296,7.68e-07,1.064e-06,192,266,5582.88
450,5236.47,5236.47,439.667,2.88e-07,288,7.76e-07,1.064e-06,194,266,5520.8
451,5172.92,5172.92,439.287,2.8e-07,280,7.76e-07,1.056e-06,194,264,5321.13
452,5276.59,5276.59,440.829,3.04e-07,304,7.68e-07,1.072e-06,192,268,5566.72
453,5200.02,5200.02,437.364,2.88e-07,288,7.68e-07,1.056e-06,192,264,5330.34
454,5247.05,5247.05,436.523,2.96e-07,296,7.68e-07,1.064e-06,192,266,5517.11
455,5244.06,5244.06,439.647,2.88e-07,288,7.76e-07,1.064e-06,194,266,5558.79
456,5213.56,5213.56,439.487,2.88e-07,288,7.68e-07,1.056e-06,192,264,5340.84
457,5194.53,5194.53,438.025,2.8e-07,280,7.68e-07,1.048e-06,192,262,5341.14
458,5254.28,5254.28,437.484,2.96e-07,296,7.68e-07,1.064e-06,192,266,5534.64
459,5246.04,5246.04,440.108,2.96e-07,296,7.76e-07,1.072e-06,194,268,5551.14
460,5274.32,5274.32,441.63,2.96e-07,296,7.68e-07,1.064e-06,192,266,5562.62
461,5199.48,5199.48,438.686,2.8e-07,280,7.68e-07,1.048e-06,192,262,5307.09
462,5189.78,5189.78,436.182,2.8e-07,280,7.68e-07,1.048e-06,192,262,5325.64
463,5170.7,5170.7,437.304,2.72e-07,272,7.76e-07,1.048e-06,194,262,5329
464,5245.42,5245.42,440.468,2.96e-07,296,7.76e-07,1.072e-06,194,268,5609.5
465,5267.63,5267.63,441.33,2.96e-07,296,7.68e-07,1.064e-06,192,266,5561.71
466,5202.64,5202.64,438.465,2.8e-07,280,7.68e-07,1.048e-06,192,262,5349.51
467,5195.07,5195.07,435.501,2.8e-07,280,7.68e-07,1.048e-06,192,262,5335.93
468,5181.99,5181.99,438.205,2.8e-07,280,7.76e-07,1.056e-06,194,264,5345.65
469,5159.42,5159.42,438.966,2.72e-07,272,7.76e-07,1.048e-06,194,262,5319.81
470,5204.68,5204.68,438.445,2.88e-07,288,7.68e-07,1.056e-06,192,264,5341.02
471,5202.76,5202.76,437.584,2.88e-07,288,7.68e-07,1.056e-06,192,264,5342.4
472,5245.9,5245.9,438.145,2.88e-07,288,7.76e-07,1.064e-06,194,266,5556.07
473,5238.29,5238.29,440.108,2.88e-07,288,7.76e-07,1.064e-06,194,266,5525.14
474,5273.64,5273.64,440.849,2.96e-07,296,7.68e-07,1.064e-06,192,266,5570.69
475,5186.34,5186.34,438.085,2.8e-07,280,7.68e-07,1.048e-06,192,262,5319.63
476,5248.41,5248.41,438.065,2.88e-07,288,7.68e-07,1.056e-06,192,264,5515.07
477,5254.74,5254.74,438.205,2.96e-07,296,7.76e-07,1.072e-06,194,268,5534.84
478,5172.24,5172.24,438.225,2.8e-07,280,7.76e-07,1.056e-06,194,264,5321.39
479,5211.49,5211.49,439.427,2.88e-07,288,7.68e-07,1.056e-06,192,264,5337.35
480,5275.93,5275.93,440.048,3.04e-07,304,7.68e-07,1.072e-06,192,268,5590.29
481,5186.96,5186.96,436.122,2.8e-07,280,7.68e-07,1.048e-06,192,262,5329.32
482,5252.09,5252.09,438.646,2.96e-07,296,7.76e-07,1.072e-06,194,268,5530.89
483,5181.79,5181.79,439.307,2.8e-07,280,7.76e-07,1.056e-06,194,264,5313.42
484,5264.45,5264.45,440.649,3.04e-07,304,7.68e-07,1.072e-06,192,268,5544.93
485,5199.36,5199.36,438.606,2.8e-07,280,7.68e-07,1.048e-06,192,262,5314.58
486,5247.91,5247.91,438.606,2.88e-07,288,7.68e-07,1.056e-06,192,264,5555.55
487,5199.52,5199.52,437.444,2.8e-07,280,7.76e-07,1.056e-06,194,264,5370.38
488,5256.62,5256.62,440.348,2.96e-07,296,7.76e-07,1.072e-06,194,268,5608.08
489,5276.67,5276.67,440.488,2.96e-07,296,7.68e-07,1.064e-06,192,266,5603.77
490,5273.92,5273.92,440.589,2.96e-07,296,7.68e-07,1.064e-06,192,266,5587.25
491,5195.75,5195.75,437.584,2.8e-07,280,7.68e-07,1.048e-06,192,262,5320.91
492,5265.79,5265.79,437.764,2.96e-07,296,7.68e-07,1.064e-06,192,266,5588.29
493,5177.23,5177.23,437.264,2.8e-07,280,7.76e-07,1.056e-06,194,264,5339.96
494,5178.49,5178.49,439.026,2.8e-07,280,7.76e-07,1.056e-06,194,264,5325.72
495,5216.04,5216.04,439.807,2.88e-07,288,7.68e-07,1.056e-06,192,264,5384.34
496,5209.97,5209.97,438.726,2.88e-07,288,7.68e-07,1.056e-06,192,264,5366.56
497,5192.91,5192.91,436.503,2.8e-07,280,7.68e-07,1.048e-06,192,262,5355.56
498,5186.3,5186.3,436.683,2.8e-07,280,7.76e-07,1.056e-06,194,264,5324.3
499,5179.41,5179.41,438.445,2.8e-07,280,7.76e-07,1.056e-06,194,264,5321.19
500,5277.65,5277.65,441.109,2.96e-07,296,7.68e-07,1.064e-06,192,266,5583.91
501,5276.91,5276.91,440.769,2.96e-07,296,7.68e-07,1.064e-06,192,266,5572.09
502,5182.91,5182.91,436.743,2.8e-07,280,7.68e-07,1.048e-06,192,262,5315.86
503,5247.83,5247.83,437.324,2.88e-07,288,7.68e-07,1.056e-06,192,264,5595.38
504,5247.27,5247.27,439.507,2.88e-07,288,7.76e-07,1.064e-06,194,266,5574.33
505,5180.55,5180.55,439.327,2.8e-07,280,7.76e-07,1.056e-06,194,264,5347.47
506,5205.37,5205.37,438.866,2.88e-07,288,7.68e-07,1.056e-06,192,264,5351.49
507,5269.04,5269.04,439.787,2.96e-07,296,7.68e-07,1.064e-06,192,266,5562.03
508,5246.62,5246.62,437.865,2.88e-07,288,7.68e-07,1.056e-06,192,264,5567.7
509,5256.62,5256.62,438.405,2.96e-07,296,7.76e-07,1.072e-06,194,268,5570.39
510,5173,5173,438.766,2.72e-07,272,7.76e-07,1.048e-06,194,262,5306.57
511,5267.41,5267.41,440.969,2.96e-07,296,7.68e-07,1.064e-06,192,266,5565.7
512,5275.79,5275.79,440.829,3.04e-07,304,7.68e-07,1.072e-06,192,268,5589.29
513,5280.09,5280.09,439.847,3.04e-07,304,7.68e-07,1.072e-06,192,268,5615.37
514,5169.49,5169.49,438.425,2.8e-07,280,7.76e-07,1.056e-06,194,264,5314.4
515,5261.53,5261.53,440.649,2.96e-07,296,7.68e-07,1.064e-06,192,266,5536.8
516,5268.68,5268.68,440.568,3.04e-07,304,7.68e-07,1.072e-06,192,268,5539.26
517,5274.28,5274.28,440.649,2.96e-07,296,7.68e-07,1.064e-06,192,266,5582.06
518,5263.91,5263.91,438.425,2.96e-07,296,7.68e-07,1.064e-06,192,266,5540.3
519,5189.5,5189.5,437.204,2.8e-07,280,7.76e-07,1.056e-06,194,264,5351.07
520,5256.14,5256.14,441.029,2.96e-07,296,7.76e-07,1.072e-06,194,268,5615.79
521,5273.38,5273.38,441.069,2.96e-07,296,7.68e-07,1.064e-06,192,266,5574.93
522,5208.71,5208.71,438.906,2.88e-07,288,7.68e-07,1.056e-06,192,264,5324.36
523,5281.39,5281.39,439.787,2.96e-07,296,7.68e-07,1.064e-06,192,266,5592.44
524,5186.12,5186.12,435.461,2.8e-07,280,7.68e-07,1.048e-06,192,262,5325.14
525,5183.47,5183.47,437.404,2.8e-07,280,7.76e-07,1.056e-06,194,264,5344.44
526,5167.69,5167.69,438.966,2.72e-07,272,7.76e-07,1.048e-06,194,262,5315.9
527,5216.48,5216.48,439.427,2.88e-07,288,7.68e-07,1.056e-06,192,264,5380.88
528,5266.05,5266.05,440.328,2.96e-07,296,7.68e-07,1.064e-06,192,266,5546.59
529,5270.84,5270.84,438.486,2.96e-07,296,7.68e-07,1.064e-06,192,266,5596.96
530,5196.69,5196.69,435.742,2.8e-07,280,7.68e-07,1.048e-06,192,262,5333.71
531,5252.93,5252.93,439.227,2.96e-07,296,7.76e-07,1.072e-06,194,268,5580.86
532,5225.87,5225.87,440.048,2.88e-07,288,7.76e-07,1.064e-06,194,266,5510.08
533,5288.5,5288.5,441.73,3.04e-07,304,7.68e-07,1.072e-06,192,268,5601.79
534,5192.23,5192.23,438.506,2.8e-07,280,7.68e-07,1.048e-06,192,262,5336.07
535,5289.87,5289.87,438.866,3.04e-07,304,7.68e-07,1.072e-06,192,268,5646.27
536,5194.75,5194.75,436.903,2.8e-07,280,7.76e-07,1.056e-06,194,264,5389.85
537,5169.11,5169.11,438.666,2.72e-07,272,7.76e-07,1.048e-06,194,262,5314.72
538,5263.89,5263.89,440.028,2.96e-07,296,7.68e-07,1.064e-06,192,266,5539.58
539,5263.47,5263.47,439.707,2.88e-07,288,7.68e-07,1.056e-06,192,264,5545.21
540,5255.98,5255.98,437.244,2.88e-07,288,7.68e-07,1.056e-06,192,264,5577.58
541,5247.13,5247.13,439.367,2.96e-07,296,7.76e-07,1.072e-06,194,268,5540.12
542,5166.25,5166.25,438.666,2.72e-07,272,7.76e-07,1.048e-06,194,262,5326.8
543,5164.01,5164.01,439.487,2.72e-07,272,7.76e-07,1.048e-06,194,262,5331.99
544,5278.19,5278.19,441.029,2.96e-07,296,7.68e-07,1.064e-06,192,266,5606.38
545,5190.6,5190.6,437.965,2.8e-07,280,7.68e-07,1.048e-06,192,262,5326.98
546,5278.91,5278.91,438.486,3.04e-07,304,7.68e-07,1.072e-06,192,268,5580.26
547,5186.64,5186.64,437.324,2.8e-07,280,7.76e-07,1.056e-06,194,264,5335.17
548,5236.63,5236.63,440.128,2.88e-07,288,7.76e-07,1.064e-06,194,266,5572.29
549,5273.72,5273.72,440.188,2.96e-07,296,7.68e-07,1.064e-06,192,266,5576.52
550,5206.71,5206.71,439.166,2.88e-07,288,7.68e-07,1.056e-06,192,264,5342.74
551,5204.16,5204.16,438.265,2.88e-07,288,7.68e-07,1.056e-06,192,264,5353.92
552,5280.83,5280.83,438.846,3.04e-07,304,7.68e-07,1.072e-06,192,268,5606.32
553,5266.19,5266.19,437.905,2.96e-07,296,7.68e-07,1.064e-06,192,266,5593.38
554,5182.51,5182.51,437.504,2.8e-07,280,7.76e-07,1.056e-06,194,264,5320.69
555,5237.07,5237.07,440.148,2.88e-07,288,7.76e-07,1.064e-06,194,266,5573.29
556,5275.15,5275.15,440.949,3.04e-07,304,7.68e-07,1.072e-06,192,268,5526.18
557,5198.98,5198.98,439.467,2.88e-07,288,7.68e-07,1.056e-06,192,264,5329.1
558,5199.8,5199.8,437.825,2.8e-07,280,7.68e-07,1.048e-06,192,262,5346.29
559,5271.54,5271.54,438.786,2.96e-07,296,7.68e-07,1.064e-06,192,266,5567.9
560,5257.58,5257.58,438.546,2.88e-07,288,7.68e-07,1.056e-06,192,264,5554.78
561,5255.5,5255.5,439.166,2.96e-07,296,7.76e-07,1.072e-06,194,268,5584.93
562,5232.9,5232.9,440.448,2.88e-07,288,7.76e-07,1.064e-06,194,266,5544.79
563,5273.26,5273.26,440.849,2.96e-07,296,7.68e-07,1.064e-06,192,266,5565.62
564,5214.44,5214.44,439.467,2.88e-07,288,7.68e-07,1.056e-06,192,264,5360.23
565,5194.09,5194.09,438.165,2.8e-07,280,7.68e-07,1.048e-06,192,262,5304.81
566,5256.16,5256.16,437.544,2.88e-07,288,7.68e-07,1.056e-06,192,264,5569.83
567,5186.02,5186.02,436.583,2.8e-07,280,7.76e-07,1.056e-06,194,264,5367.78
568,5257.88,5257.88,439.807,2.96e-07,296,7.76e-07,1.072e-06,194,268,5596.8
569,5180.61,5180.61,439.767,2.8e-07,280,7.76e-07,1.056e-06,194,264,5351.33
570,5203.48,5203.48,439.747,2.88e-07,288,7.68e-07,1.056e-06,192,264,5336.93
571,5281.27,5281.27,440.729,3.04e-07,304,7.68e-07,1.072e-06,192,268,5601.21
572,5273.46,5273.46,438.906,2.96e-07,296,7.68e-07,1.064e-06,192,266,5596.2
573,5273.6,5273.6,437.865,3.04e-07,304,7.68e-07,1.072e-06,192,268,5594.66
574,5195.15,5195.15,438.405,2.8e-07,280,7.76e-07,1.056e-06,194,264,5351.49
575,5251.65,5251.65,441.069,2.96e-07,296,7.76e-07,1.072e-06,194,268,5599.79
576,5191.47,5191.47,439.587,2.8e-07,280,7.68e-07,1.048e-06,192,262,5333.89
577,5204.1,5204.1,438.145,2.88e-07,288,7.68e-07,1.056e-06,192,264,5326.52
578,5242.82,5242.82,437.144,2.88e-07,288,7.68e-07,1.056e-06,192,264,5511.08
579,5247.99,5247.99,440.969,2.96e-07,296,7.76e-07,1.072e-06,194,268,5560.51
580,5297.56,5297.56,441.51,3.04e-07,304,7.68e-07,1.072e-06,192,268,5669.49
581,5282.92,5282.92,440.068,3.04e-07,304,7.68e-07,1.072e-06,192,268,5582.66
582,5189.04,5189.04,437.484,2.8e-07,280,7.68e-07,1.048e-06,192,262,5322.41
583,5203.22,5203.22,436.643,2.8e-07,280,7.68e-07,1.048e-06,192,262,5380.9
584,5255.54,5255.54,440.729,2.88e-07,288,7.76e-07,1.064e-06,194,266,5611.36
585,5179.63,5179.63,439.467,2.8e-07,280,7.76e-07,1.056e-06,194,264,5348.73
586,5213.66,5213.66,439.647,2.88e-07,288,7.68e-07,1.056e-06,192,264,5345.51
587,5258.54,5258.54,439.507,2.96e-07,296,7.68e-07,1.064e-06,192,266,5562.98
588,5199.82,5199.82,436.923,2.8e-07,280,7.68e-07,1.048e-06,192,262,5349.47
589,5195.03,5195.03,436.743,2.8e-07,280,7.76e-07,1.056e-06,194,264,5351.37
590,5172.94,5172.94,438.105,2.8e-07,280,7.76e-07,1.056e-06,194,264,5314.68
591,5297.3,5297.3,441.009,3.12e-07,312,7.68e-07,1.08e-06,192,270,5622.38
592,5281.75,5281.75,441.149,3.04e-07,304,7.68e-07,1.072e-06,192,268,5568.24
593,5266.41,5266.41,440.408,2.96e-07,296,7.68e-07,1.064e-06,192,266,5551.68
594,5265.63,5265.63,438.526,2.96e-07,296,7.68e-07,1.064e-06,192,266,5567.64
595,5281.53,5281.53,438.285,2.96e-07,296,7.68e-07,1.064e-06,192,266,5613.47
596,5177.75,5177.75,438.045,2.8e-07,280,7.76e-07,1.056e-06,194,264,5310.66
597,5240.46,5240.46,440.809,2.88e-07,288,7.76e-07,1.064e-06,194,266,5546.19
598,5279.61,5279.61,441.71,2.96e-07,296,7.68e-07,1.064e-06,192,266,5582.88
599,5218,5218,438.946,2.88e-07,288,7.68e-07,1.056e-06,192,264,5415.75
600,5266.53,5266.53,439.006,2.96e-07,296,7.68e-07,1.064e-06,192,266,5590.27
601,5264.15,5264.15,437.584,2.96e-07,296,7.68e-07,1.064e-06,192,266,5594.4
602,5263.19,5263.19,439.667,2.96e-07,296,7.76e-07,1.072e-06,194,268,5604.13
603,5179.97,5179.97,439.527,2.8e-07,280,7.76e-07,1.056e-06,194,264,5350.93
604,5269.54,5269.54,441.009,2.96e-07,296,7.68e-07,1.064e-06,192,266,5525.26
605,5270.6,5270.6,440.308,3.04e-07,304,7.68e-07,1.072e-06,192,268,5541.16
606,5263.87,5263.87,439.487,2.96e-07,296,7.68e-07,1.064e-06,192,266,5551.94
607,5282.3,5282.3,438.185,2.96e-07,296,7.68e-07,1.064e-06,192,266,5636.94
608,5244.62,5244.62,439.066,2.88e-07,288,7.76e-07,1.064e-06,194,266,5534.78
609,5174.86,5174.86,438.566,2.8e-07,280,7.76e-07,1.056e-06,194,264,5319.91
610,5271.28,5271.28,440.649,2.96e-07,296,7.68e-07,1.064e-06,192,266,5556.99
611,5272.66,5272.66,440.849,2.96e-07,296,7.68e-07,1.064e-06,192,266,5571.85
612,5271.9,5271.9,439.727,2.96e-07,296,7.68e-07,1.064e-06,192,266,5579.04
613,5254.52,5254.52,437.464,2.88e-07,288,7.68e-07,1.056e-06,192,264,5536.3
614,5245.96,5245.96,440.148,2.88e-07,288,7.76e-07,1.064e-06,194,266,5580.42
615,5287.58,5287.58,440.969,3.04e-07,304,7.68e-07,1.072e-06,192,268,5626.11
616,5209.75,5209.75,439.126,2.88e-07,288,7.68e-07,1.056e-06,192,264,5368.36
617,5256.08,5256.08,438.746,2.88e-07,288,7.68e-07,1.056e-06,192,264,5522.12
618,5246.42,5246.42,438.365,2.88e-07,288,7.76e-07,1.064e-06,194,266,5555.95
619,5235.25,5235.25,440.809,2.88e-07,288,7.76e-07,1.064e-06,194,266,5552.56
620,5266.67,5266.67,439.547,3.04e-07,304,7.68e-07,1.072e-06,192,268,5525.72
621,5173.14,5173.14,438.886,2.8e-07,280,7.76e-07,1.056e-06,194,264,5320.55
622,5265.83,5265.83,440.789,2.96e-07,296,7.68e-07,1.064e-06,192,266,5561.19
623,5269.48,5269.48,439.086,2.96e-07,296,7.68e-07,1.064e-06,192,266,5536.76
624,5198.4,5198.4,437.805,2.8e-07,280,7.76e-07,1.056e-06,194,264,5371.38
625,5278.07,5278.07,441.069,2.96e-07,296,7.68e-07,1.064e-06,192,266,5554.72
626,5268.18,5268.18,440.729,2.96e-07,296,7.68e-07,1.064e-06,192,266,5587.79
627,5271.02,5271.02,439.267,2.96e-07,296,7.68e-07,1.064e-06,192,266,5582.06
628,5256.16,5256.16,438.165,2.88e-07,288,7.76e-07,1.064e-06,194,266,5578.56
629,5236.17,5236.17,440.008,2.88e-07,288,7.76e-07,1.064e-06,194,266,5518.69
630,5216.22,5216.22,439.888,2.88e-07,288,7.68e-07,1.056e-06,192,264,5367.3
631,5266.57,5266.57,439.267,2.96e-07,296,7.68e-07,1.064e-06,192,266,5547.51
632,5257.98,5257.98,438.606,2.88e-07,288,7.76e-07,1.064e-06,194,266,5551.46
633,5239.21,5239.21,440.368,2.88e-07,288,7.76e-07,1.064e-06,194,266,5544.45
634,5200.64,5200.64,438.986,2.8e-07,280,7.68e-07,1.048e-06,192,262,5372.56
635,5193.57,5193.57,436.563,2.8e-07,280,7.68e-07,1.048e-06,192,262,5322.91
636,5244.48,5244.48,439.827,2.96e-07,296,7.76e-07,1.072e-06,194,268,5574.99
637,5195.17,5195.17,439.707,2.8e-07,280,7.68e-07,1.048e-06,192,262,5317.23
638,5194.17,5194.17,437.724,2.8e-07,280,7.68e-07,1.048e-06,192,262,5337.31
639,5234.87,5234.87,440.288,2.88e-07,288,7.76e-07,1.064e-06,194,266,5535.88
640,5217.96,5217.96,439.587,2.88e-07,288,7.68e-07,1.056e-06,192,264,5354.74
641,5253.17,5253.17,436.463,2.96e-07,296,7.68e-07,1.064e-06,192,266,5549.52
642,5175.24,5175.24,439.287,2.8e-07,280,7.76e-07,1.056e-06,194,264,5355.22
643,5266.45,5266.45,439.567,2.96e-07,296,7.68e-07,1.064e-06,192,266,5576.82
644,5177.99,5177.99,437.464,2.8e-07,280,7.76e-07,1.056e-06,194,264,5292.13
645,5273.98,5273.98,440.869,2.96e-07,296,7.68e-07,1.064e-06,192,266,5562.29
646,5197.17,5197.17,436.843,2.8e-07,280,7.76e-07,1.056e-06,194,264,5355.86
647,5214.9,5214.9,439.888,2.88e-07,288,7.68e-07,1.056e-06,192,264,5358.76
648,5194.21,5194.21,435.702,2.8e-07,280,7.68e-07,1.048e-06,192,262,5364.69
649,5278.03,5278.03,440.889,2.96e-07,296,7.68e-07,1.064e-06,192,266,5575.69
650,5256.8,5256.8,437.164,2.96e-07,296,7.68e-07,1.064e-06,192,266,5565.1
651,5282.04,5282.04,440.568,2.96e-07,296,7.68e-07,1.064e-06,192,266,5602.05
652,5253.69,5253.69,437.825,2.88e-07,288,7.68e-07,1.056e-06,192,264,5520.6
653,5260.98,5260.98,441.189,2.96e-07,296,7.68e-07,1.064e-06,192,266,5523.88
654,5257.28,5257.28,437.965,2.88e-07,288,7.68e-07,1.056e-06,192,264,5560.09
655,5262.17,5262.17,440.568,2.96e-07,296,7.68e-07,1.064e-06,192,266,5505.71
656,5188.72,5188.72,436.963,2.8e-07,280,7.76e-07,1.056e-06,194,264,5361.29
657,5288.74,5288.74,440.949,3.04e-07,304,7.68e-07,1.072e-06,192,268,5598.27
658,5257.44,5257.44,440.308,2.88e-07,288,7.76e-07,1.064e-06,194,266,5598.69
659,5251.29,5251.29,439.527,2.88e-07,288,7.68e-07,1.056e-06,192,264,5530.77
660,5166.41,5166.41,439.527,2.72e-07,272,7.76e-07,1.048e-06,194,262,5320.75
661,5262.43,5262.43,438.165,2.96e-07,296,7.76e-07,1.072e-06,194,268,5549.7
662,5272.6,5272.6,440.348,3.04e-07,304,7.68e-07,1.072e-06,192,268,5538.86
663,5252.83,5252.83,439.567,2.96e-07,296,7.76e-07,1.072e-06,194,268,5570.03
664,5271.5,5271.5,439.827,2.96e-07,296,7.68e-07,1.064e-06,192,266,5601.15
665,5174.64,5174.64,439.387,2.72e-07,272,7.76e-07,1.048e-06,194,262,5387.41
666,5251.69,5251.69,437.184,2.88e-07,288,7.68e-07,1.056e-06,192,264,5560.25
667,5206.71,5206.71,439.447,2.88e-07,288,7.68e-07,1.056e-06,192,264,5346.19
668,5240.94,5240.94,439.267,2.88e-07,288,7.76e-07,1.064e-06,194,266,5522.68
669,5250.87,5250.87,439.547,2.88e-07,288,7.68e-07,1.056e-06,192,264,5515.91
670,5239.61,5239.61,440.949,2.88e-07,288,7.76e-07,1.064e-06,194,266,5555.22
671,5258.16,5258.16,437.644,2.96e-07,296,7.68e-07,1.064e-06,192,266,5595.02
672,5282.8,5282.8,440.168,3.04e-07,304,7.68e-07,1.072e-06,192,268,5571.53
673,5187.14,5187.14,439.888,2.8e-07,280,7.76e-07,1.056e-06,194,264,5378.25
674,5281.93,5281.93,437.704,3.04e-07,304,7.68e-07,1.072e-06,192,268,5617.59
675,5277.77,5277.77,440.829,2.96e-07,296,7.68e-07,1.064e-06,192,266,5595.36
676,5174.12,5174.12,438.345,2.8e-07,280,7.76e-07,1.056e-06,194,264,5333.03
677,5196.57,5196.57,436.723,2.8e-07,280,7.68e-07,1.048e-06,192,262,5338.94
678,5276.29,5276.29,440.869,3.04e-07,304,7.68e-07,1.072e-06,192,268,5559.41
679,5186.94,5186.94,438.886,2.8e-07,280,7.76e-07,1.056e-06,194,264,5361.81
680,5196.65,5196.65,436.443,2.8e-07,280,7.68e-07,1.048e-06,192,262,5339.5
681,5206.93,5206.93,439.126,2.88e-07,288,7.68e-07,1.056e-06,192,264,5348.65
682,5175.48,5175.48,438.265,2.8e-07,280,7.76e-07,1.056e-06,194,264,5301.54
683,5282.04,5282.04,438.666,3.04e-07,304,7.68e-07,1.072e-06,192,268,5633.02
684,5167.61,5167.61,439.507,2.8e-07,280,7.76e-07,1.056e-06,194,264,5340.4
685,5172.14,5172.14,436.803,2.8e-07,280,7.76e-07,1.056e-06,194,264,5323.83
686,5270.5,5270.5,439.727,2.96e-07,296,7.68e-07,1.064e-06,192,266,5593.72
687,5276.07,5276.07,441.009,2.96e-07,296,7.68e-07,1.064e-06,192,266,5579.62
688,5181.91,5181.91,435.902,2.8e-07,280,7.68e-07,1.048e-06,192,262,5327.06
689,5274.74,5274.74,440.669,2.96e-07,296,7.68e-07,1.064e-06,192,266,5567
690,5235.23,5235.23,439.647,2.88e-07,288,7.76e-07,1.064e-06,194,266,5522.7
691,5191.19,5191.19,437.744,2.8e-07,280,7.68e-07,1.048e-06,192,262,5354.3
692,5182.99,5182.99,438.606,2.8e-07,280,7.76e-07,1.056e-06,194,264,5360.37
693,5200.2,5200.2,437.785,2.8e-07,280,7.68e-07,1.048e-06,192,262,5357.96
694,5231.32,5231.32,439.867,2.96e-07,296,7.76e-07,1.072e-06,194,268,5528.51
695,5253.47,5253.47,438.766,2.88e-07,288,7.68e-07,1.056e-06,192,264,5557.07
696,5173.74,5173.74,439.387,2.8e-07,280,7.76e-07,1.056e-06,194,264,5363.43
697,5188.22,5188.22,436.322,2.8e-07,280,7.68e-07,1.048e-06,192,262,5323.55
698,5238.21,5238.21,440.689,2.88e-07,288,7.76e-07,1.064e-06,194,266,5560.55
699,5183.71,5183.71,437.144,2.8e-07,280,7.68e-07,1.048e-06,192,262,5298.9
700,5180.65,5180.65,439.026,2.8e-07,280,7.76e-07,1.056e-06,194,264,5369.28
701,5206.69,5206.69,438.526,2.8e-07,280,7.68e-07,1.048e-06,192,262,5376.17
702,5182.05,5182.05,438.445,2.8e-07,280,7.76e-07,1.056e-06,194,264,5374.95
703,5275.33,5275.33,439.507,2.96e-07,296,7.68e-07,1.064e-06,192,266,5576.72
704,5236.75,5236.75,439.888,2.88e-07,288,7.76e-07,1.064e-06,194,266,5535.44
705,5269.14,5269.14,440.569,2.96e-07,296,7.68e-07,1.064e-06,192,266,5570.71
706,5185.74,5185.74,437.644,2.8e-07,280,7.76e-07,1.056e-06,194,264,5315.36
707,5265.75,5265.75,440.829,2.96e-07,296,7.68e-07,1.064e-06,192,266,5526.14
708,5232.86,5232.86,437.825,2.96e-07,296,7.76e-07,1.072e-06,194,268,5498.52
709,5216.26,5216.26,439.507,2.88e-07,288,7.68e-07,1.056e-06,192,264,5347.75
710,5276.41,5276.41,437.805,3.04e-07,304,7.68e-07,1.072e-06,192,268,5615.69
711,5173.3,5173.3,439.106,2.8e-07,280,7.76e-07,1.056e-06,194,264,5350.01
712,5266.19,5266.19,437.744,2.96e-07,296,7.68e-07,1.064e-06,192,266,5594.36
713,5242.16,5242.16,441.069,2.88e-07,288,7.76e-07,1.064e-06,194,266,5555.26
714,5192.97,5192.97,437.444,2.8e-07,280,7.68e-07,1.048e-06,192,262,5326.38
715,5175.78,5175.78,438.966,2.8e-07,280,7.76e-07,1.056e-06,194,264,5303.41
716,5215.62,5215.62,438.846,2.88e-07,288,7.68e-07,1.056e-06,192,264,5327.24
717,5184.86,5184.86,437.764,2.8e-07,280,7.76e-07,1.056e-06,194,264,5352.32
718,5282.46,5282.46,441.249,2.96e-07,296,7.68e-07,1.064e-06,192,266,5599.05
719,5253.03,5253.03,437.905,2.88e-07,288,7.68e-07,1.056e-06,192,264,5550.04
720,5256.62,5256.62,440.709,3.04e-07,304,7.76e-07,1.08e-06,194,270,5582.8
721,5264.71,5264.71,440.428,2.96e-07,296,7.68e-07,1.064e-06,192,266,5522.92
722,5249.45,5249.45,438.425,2.88e-07,288,7.76e-07,1.064e-06,194,266,5535.44
723,5266.11,5266.11,440.589,2.96e-07,296,7.68e-07,1.064e-06,192,266,5556.95
724,5197.55,5197.55,437.124,2.8e-07,280,7.68e-07,1.048e-06,192,262,5302.68
725,5168.87,5168.87,438.365,2.72e-07,272,7.76e-07,1.048e-06,194,262,5328.54
726,5268.86,5268.86,440.589,2.96e-07,296,7.68e-07,1.064e-06,192,266,5525.3
727,5270.94,5270.94,438.285,2.96e-07,296,7.68e-07,1.064e-06,192,266,5575.49
728,5186.08,5186.08,439.227,2.8e-07,280,7.76e-07,1.056e-06,194,264,5363.73
729,5268.44,5268.44,440.849,2.96e-07,296,7.68e-07,1.064e-06,192,266,5554
730,5256.66,5256.66,438.445,2.96e-07,296,7.68e-07,1.064e-06,192,266,5520.9
731,5257.2,5257.2,439.787,2.96e-07,296,7.76e-07,1.072e-06,194,268,5590.86
732,5255.28,5255.28,440.829,2.88e-07,288,7.68e-07,1.056e-06,192,264,5510.58
733,5189.5,5189.5,437.504,2.8e-07,280,7.68e-07,1.048e-06,192,262,5309.69
734,5175.76,5175.76,435.962,2.72e-07,272,7.68e-07,1.04e-06,192,260,5317.04
735,5229.9,5229.9,440.548,2.88e-07,288,7.76e-07,1.064e-06,194,266,5545.13
736,5266.55,5266.55,440.929,2.96e-07,296,7.68e-07,1.064e-06,192,266,5580.76
737,5214.98,5214.98,437.644,2.88e-07,288,7.68e-07,1.056e-06,192,264,5413.06
738,5202.4,5202.4,437.404,2.8e-07,280,7.76e-07,1.056e-06,194,264,5416.95
739,5254.36,5254.36,440.809,2.96e-07,296,7.76e-07,1.072e-06,194,268,5569.42
740,5192.67,5192.67,438.486,2.8e-07,280,7.68e-07,1.048e-06,192,262,5288.46
741,5260.28,5260.28,438.906,2.96e-07,296,7.68e-07,1.064e-06,192,266,5556.51
742,5184.88,5184.88,437.584,2.8e-07,280,7.76e-07,1.056e-06,194,264,5329.6
743,5188.7,5188.7,439.106,2.8e-07,280,7.68e-07,1.048e-06,192,262,5305.81
744,5194.87,5194.87,437.003,2.88e-07,288,7.68e-07,1.056e-06,192,264,5369.16
745,5176.34,5176.34,437.965,2.72e-07,272,7.76e-07,1.048e-06,194,262,5318.55
746,5272.24,5272.24,440.929,2.96e-07,296,7.68e-07,1.064e-06,192,266,5531.89
747,5258.42,5258.42,440.288,2.96e-07,296,7.68e-07,1.064e-06,192,266,5513.16
748,5255,5255,437.464,2.96e-07,296,7.68e-07,1.064e-06,192,266,5544.65
749,5246.82,5246.82,440.789,2.96e-07,296,7.76e-07,1.072e-06,194,268,5557.09
750,5265.63,5265.63,440.048,2.96e-07,296,7.68e-07,1.064e-06,192,266,5556.81
751,5256.56,5256.56,438.285,2.88e-07,288,7.68e-07,1.056e-06,192,264,5557.03
752,5183.05,5183.05,438.445,2.8e-07,280,7.76e-07,1.056e-06,194,264,5376.95
753,5268.48,5268.48,439.827,2.96e-07,296,7.68e-07,1.064e-06,192,266,5544.81
754,5264.95,5264.95,438.486,2.96e-07,296,7.68e-07,1.064e-06,192,266,5561.95
755,5264.41,5264.41,439.968,2.96e-07,296,7.76e-07,1.072e-06,194,268,5574.03
756,5256.68,5256.68,440.909,2.88e-07,288,7.68e-07,1.056e-06,192,264,5502.03
757,5203.76,5203.76,438.786,2.88e-07,288,7.68e-07,1.056e-06,192,264,5330.94
758,5264.37,5264.37,437.244,2.96e-07,296,7.68e-07,1.064e-06,192,266,5544.95
759,5178.69,5178.69,438.706,2.8e-07,280,7.76e-07,1.056e-06,194,264,5319.65
760,5264.07,5264.07,441.049,2.96e-07,296,7.68e-07,1.064e-06,192,266,5559.87
761,5273.2,5273.2,440.048,2.96e-07,296,7.68e-07,1.064e-06,192,266,5577.56
762,5239.21,5239.21,438.285,2.88e-07,288,7.76e-07,1.064e-06,194,266,5542.73
763,5227.56,5227.56,440.268,2.88e-07,288,7.76e-07,1.064e-06,194,266,5554.14
764,5206.35,5206.35,438.946,2.88e-07,288,7.68e-07,1.056e-06,192,264,5338.92
765,5248.77,5248.77,437.744,2.88e-07,288,7.68e-07,1.056e-06,192,264,5512.5
766,5220.25,5220.25,439.066,2.88e-07,288,7.76e-07,1.064e-06,194,266,5501.77
767,5165.53,5165.53,439.247,2.8e-07,280,7.76e-07,1.056e-06,194,264,5315.78
768,5195.93,5195.93,438.646,2.8e-07,280,7.68e-07,1.048e-06,192,262,5357.52
769,5186.62,5186.62,435.822,2.8e-07,280,7.68e-07,1.048e-06,192,262,5351.27
770,5227.76,5227.76,439.427,2.88e-07,288,7.76e-07,1.064e-06,194,266,5503.35
771,5259.06,5259.06,441.009,2.96e-07,296,7.68e-07,1.064e-06,192,266,5521.24
772,5254.58,5254.58,440.008,2.96e-07,296,7.68e-07,1.064e-06,192,266,5520.39
773,5202.98,5202.98,437.224,2.88e-07,288,7.68e-07,1.056e-06,192,264,5321.33
774,5245.18,5245.18,438.526,2.88e-07,288,7.76e-07,1.064e-06,194,266,5539.18
775,5238.79,5238.79,441.069,2.96e-07,296,7.76e-07,1.072e-06,194,268,5557.65
776,5199.12,5199.12,438.546,2.8e-07,280,7.68e-07,1.048e-06,192,262,5339.22
777,5195.07,5195.07,435.501,2.8e-07,280,7.68e-07,1.048e-06,192,262,5335.19
778,5244.32,5244.32,439.807,2.88e-07,288,7.76e-07,1.064e-06,194,266,5538.64
779,5203.16,5203.16,439.066,2.88e-07,288,7.68e-07,1.056e-06,192,264,5347.43
780,5251.91,5251.91,438.946,2.88e-07,288,7.68e-07,1.056e-06,192,264,5549.14
781,5225.25,5225.25,438.926,2.88e-07,288,7.76e-07,1.064e-06,194,266,5519.09
782,5161.14,5161.14,439.287,2.8e-07,280,7.76e-07,1.056e-06,194,264,5303.89
783,5209.15,5209.15,438.045,2.88e-07,288,7.68e-07,1.056e-06,192,264,5356.54
784,5193.69,5193.69,438.506,2.8e-07,280,7.76e-07,1.056e-06,194,264,5384.3
785,5277.23,5277.23,441.009,3.04e-07,304,7.68e-07,1.072e-06,192,268,5592.12
786,5258.24,5258.24,439.287,2.96e-07,296,7.68e-07,1.064e-06,192,266,5539.4
787,5187.28,5187.28,437.584,2.8e-07,280,7.76e-07,1.056e-06,194,264,5328.06
788,5265.51,5265.51,441.069,2.96e-07,296,7.68e-07,1.064e-06,192,266,5531.71
789,5194.55,5194.55,438.065,2.8e-07,280,7.68e-07,1.048e-06,192,262,5362.27
790,5261.45,5261.45,439.066,2.96e-07,296,7.76e-07,1.072e-06,194,268,5538.34
791,5165.31,5165.31,439.867,2.72e-07,272,7.76e-07,1.048e-06,194,262,5312.08
792,5210.67,5210.67,437.584,2.8e-07,280,7.68e-07,1.048e-06,192,262,5378.19
793,5188.04,5188.04,438.145,2.8e-07,280,7.76e-07,1.056e-06,194,264,5330.9
794,5193.03,5193.03,439.187,2.8e-07,280,7.68e-07,1.048e-06,192,262,5318.35
795,5262.45,5262.45,438.425,2.96e-07,296,7.68e-07,1.064e-06,192,266,5545.83
796,5236.93,5236.93,440.709,2.88e-07,288,7.76e-07,1.064e-06,194,266,5518.41
797,5267.67,5267.67,440.008,2.96e-07,296,7.68e-07,1.064e-06,192,266,5548.62
798,5262.29,5262.29,437.945,2.96e-07,296,7.68e-07,1.064e-06,192,266,5577.5
799,5235.93,5235.93,440.649,2.88e-07,288,7.76e-07,1.064e-06,194,266,5535.8
800,5268.78,5268.78,439.647,2.96e-07,296,7.68e-07,1.064e-06,192,266,5579.98
801,5242.24,5242.24,438.746,2.88e-07,288,7.76e-07,1.064e-06,194,266,5534.27
802,5272.28,5272.28,441.109,2.96e-07,296,7.68e-07,1.064e-06,192,266,5563.8
803,5192.23,5192.23,438.105,2.8e-07,280,7.68e-07,1.048e-06,192,262,5344.62
804,5164.07,5164.07,438.486,2.72e-07,272,7.76e-07,1.048e-06,194,262,5334.89
805,5198.56,5198.56,439.627,2.88e-07,288,7.68e-07,1.056e-06,192,264,5335.43
806,5186.54,5186.54,435.601,2.8e-07,280,7.68e-07,1.048e-06,192,262,5326.34
807,5241.78,5241.78,440.128,2.88e-07,288,7.76e-07,1.064e-06,194,266,5507.54
808,5198.5,5198.5,439.106,2.88e-07,288,7.68e-07,1.056e-06,192,264,5321.17
809,5207.41,5207.41,437.124,2.88e-07,288,7.68e-07,1.056e-06,192,264,5395.06
810,5208.47,5208.47,438.465,2.8e-07,280,7.76e-07,1.056e-06,194,264,5421.11
811,5260.62,5260.62,440.829,2.96e-07,296,7.68e-07,1.064e-06,192,266,5524.86
812,5260.58,5260.58,439.467,2.96e-07,296,7.68e-07,1.064e-06,192,266,5549.06
813,5186.58,5186.58,436.703,2.8e-07,280,7.68e-07,1.048e-06,192,262,5302.06
814,5234.73,5234.73,440.448,2.88e-07,288,7.76e-07,1.064e-06,194,266,5569.02
815,5206.01,5206.01,439.207,2.88e-07,288,7.68e-07,1.056e-06,192,264,5322.01
816,5185.26,5185.26,437.264,2.8e-07,280,7.68e-07,1.048e-06,192,262,5322.79
817,5188.4,5188.4,437.404,2.8e-07,280,7.76e-07,1.056e-06,194,264,5361.33
818,5278.73,5278.73,440.388,3.04e-07,304,7.68e-07,1.072e-06,192,268,5584.07
819,5210.67,5210.67,438.866,2.88e-07,288,7.68e-07,1.056e-06,192,264,5355.86
820,5247.47,5247.47,438.806,2.88e-07,288,7.68e-07,1.056e-06,192,264,5515.71
821,5182.03,5182.03,437.344,2.8e-07,280,7.76e-07,1.056e-06,194,264,5329.6
822,5272.84,5272.84,440.969,2.96e-07,296,7.68e-07,1.064e-06,192,266,5549.8
823,5214.5,5214.5,438.445,2.88e-07,288,7.68e-07,1.056e-06,192,264,5354.02
824,5198.6,5198.6,436.503,2.8e-07,280,7.68e-07,1.048e-06,192,262,5346.31
825,5165.77,5165.77,438.926,2.72e-07,272,7.76e-07,1.048e-06,194,262,5351.23
826,5266.79,5266.79,440.709,2.96e-07,296,7.68e-07,1.064e-06,192,266,5552.5
827,5200.64,5200.64,438.025,2.88e-07,288,7.68e-07,1.056e-06,192,264,5336.33
828,5246.36,5246.36,438.706,2.88e-07,288,7.68e-07,1.056e-06,192,264,5524.76
829,5250.97,5250.97,440.148,2.96e-07,296,7.76e-07,1.072e-06,194,268,5538.74
830,5198.56,5198.56,438.546,2.88e-07,288,7.68e-07,1.056e-06,192,264,5317.02
831,5187.24,5187.24,438.105,2.8e-07,280,7.68e-07,1.048e-06,192,262,5306.27
832,5198.96,5198.96,435.882,2.8e-07,280,7.68e-07,1.048e-06,192,262,5319.91
833,5237.81,5237.81,439.827,2.88e-07,288,7.76e-07,1.064e-06,194,266,5526.72
834,5170.3,5170.3,439.247,2.8e-07,280,7.76e-07,1.056e-06,194,264,5355.6
835,5268.94,5268.94,440.428,2.96e-07,296,7.68e-07,1.064e-06,192,266,5544.77
836,5188.86,5188.86,436.583,2.8e-07,280,7.68e-07,1.048e-06,192,262,5311.74
837,5190.82,5190.82,437.684,2.8e-07,280,7.76e-07,1.056e-06,194,264,5315.92
838,5241.32,5241.32,440.869,2.88e-07,288,7.76e-07,1.064e-06,194,266,5561.79
839,5254.86,5254.86,440.208,2.96e-07,296,7.68e-07,1.064e-06,192,266,5504.65
840,5274.74,5274.74,439.847,2.96e-07,296,7.68e-07,1.064e-06,192,266,5584.31
841,5199.14,5199.14,436.122,2.8e-07,280,7.68e-07,1.048e-06,192,262,5372.46
842,5256.54,5256.54,440.068,2.96e-07,296,7.76e-07,1.072e-06,194,268,5608.82
843,5179.61,5179.61,439.747,2.8e-07,280,7.76e-07,1.056e-06,194,264,5362.01
844,5284.64,5284.64,440.829,3.04e-07,304,7.68e-07,1.072e-06,192,268,5545.55
845,5255.38,5255.38,438.345,2.88e-07,288,7.68e-07,1.056e-06,192,264,5539.98
846,5250.37,5250.37,438.726,2.96e-07,296,7.76e-07,1.072e-06,194,268,5526.24
847,5227.02,5227.02,439.847,2.88e-07,288,7.76e-07,1.064e-06,194,266,5552.18
848,5262.89,5262.89,440.909,2.96e-07,296,7.68e-07,1.064e-06,192,266,5533.15
849,5206.37,5206.37,438.205,2.8e-07,280,7.68e-07,1.048e-06,192,262,5346.87
850,5262.63,5262.63,438.445,2.96e-07,296,7.68e-07,1.064e-06,192,266,5565.74
851,5193.73,5193.73,437.744,2.8e-07,280,7.76e-07,1.056e-06,194,264,5341.24
852,5235.31,5235.31,440.368,2.88e-07,288,7.76e-07,1.064e-06,194,266,5529.59
853,5200.82,5200.82,439.487,2.8e-07,280,7.68e-07,1.048e-06,192,262,5317.57
854,5197.92,5197.92,438.205,2.88e-07,288,7.68e-07,1.056e-06,192,264,5296.16
855,5183.37,5183.37,436.222,2.8e-07,280,7.68e-07,1.048e-06,192,262,5296.4
856,5186.88,5186.88,437.624,2.8e-07,280,7.76e-07,1.056e-06,194,264,5346.57
857,5284.18,5284.18,440.749,3.04e-07,304,7.68e-07,1.072e-06,192,268,5591.34
858,5283.58,5283.58,441.29,2.96e-07,296,7.68e-07,1.064e-06,192,266,5607.98
859,5254.16,5254.16,439.687,2.88e-07,288,7.68e-07,1.056e-06,192,264,5527.2
860,5190.1,5190.1,435.962,2.8e-07,280,7.68e-07,1.048e-06,192,262,5319.41
861,5256.22,5256.22,438.946,3.04e-07,304,7.76e-07,1.08e-06,194,270,5588.27
862,5173.8,5173.8,439.247,2.8e-07,280,7.76e-07,1.056e-06,194,264,5335.51
863,5207.89,5207.89,439.066,2.88e-07,288,7.68e-07,1.056e-06,192,264,5342.26
864,5281.79,5281.79,440.468,3.04e-07,304,7.68e-07,1.072e-06,192,268,5598.05
865,5272.84,5272.84,437.524,2.96e-07,296,7.68e-07,1.064e-06,192,266,5618.68
866,5190.38,5190.38,438.766,2.8e-07,280,7.76e-07,1.056e-06,194,264,5356.48
867,5173.68,5173.68,439.427,2.8e-07,280,7.76e-07,1.056e-06,194,264,5361.61
868,5197.37,5197.37,438.826,2.8e-07,280,7.68e-07,1.048e-06,192,262,5318.97
869,5191.89,5191.89,436.803,2.8e-07,280,7.68e-07,1.048e-06,192,262,5352.98
870,5188.48,5188.48,436.262,2.8e-07,280,7.76e-07,1.056e-06,194,264,5357.66
871,5185.64,5185.64,438.766,2.8e-07,280,7.76e-07,1.056e-06,194,264,5343.2
872,5190.1,5190.1,439.807,2.8e-07,280,7.76e-07,1.056e-06,194,264,5346.51
873,5255.84,5255.84,439.727,2.96e-07,296,7.68e-07,1.064e-06,192,266,5548.15
874,5195.45,5195.45,436.242,2.8e-07,280,7.68e-07,1.048e-06,192,262,5342.48
875,5165.57,5165.57,438.345,2.72e-07,272,7.76e-07,1.048e-06,194,262,5319.51
876,5155.17,5155.17,438.846,2.8e-07,280,7.76e-07,1.056e-06,194,264,5303.25
877,5270.74,5270.74,439.787,2.96e-07,296,7.68e-07,1.064e-06,192,266,5578.28
878,5181.95,5181.95,437.264,2.8e-07,280,7.76e-07,1.056e-06,194,264,5309.13
879,5275.81,5275.81,440.649,3.04e-07,304,7.68e-07,1.072e-06,192,268,5571.57
880,5280.23,5280.23,438.786,3.04e-07,304,7.68e-07,1.072e-06,192,268,5590.92
881,5229.74,5229.74,439.507,2.88e-07,288,7.76e-07,1.064e-06,194,266,5544.09
882,5261.83,5261.83,440.308,2.96e-07,296,7.68e-07,1.064e-06,192,266,5545.03
883,5265.25,5265.25,437.644,2.96e-07,296,7.68e-07,1.064e-06,192,266,5546.77
884,5231.72,5231.72,440.609,2.88e-07,288,7.76e-07,1.064e-06,194,266,5546.09
885,5263.61,5263.61,440.148,2.96e-07,296,7.68e-07,1.064e-06,192,266,5537.66
886,5262.37,5262.37,439.227,2.96e-07,296,7.76e-07,1.072e-06,194,268,5594.44
887,5282.4,5282.4,441.61,2.96e-07,296,7.68e-07,1.064e-06,192,266,5563.52
888,5187.94,5187.94,436.983,2.8e-07,280,7.68e-07,1.048e-06,192,262,5335.15
889,5240.8,5240.8,440.669,2.88e-07,288,7.76e-07,1.064e-06,194,266,5584.87
890,5200.4,5200.4,438.245,2.8e-07,280,7.68e-07,1.048e-06,192,262,5330.24
891,5243.16,5243.16,438.626,2.88e-07,288,7.76e-07,1.064e-06,194,266,5550.58
892,5272.56,5272.56,441.43,2.96e-07,296,7.68e-07,1.064e-06,192,266,5542.25
893,5190.04,5190.04,437.785,2.8e-07,280,7.68e-07,1.048e-06,192,262,5335.95
894,5193.57,5193.57,437.905,2.8e-07,280,7.76e-07,1.056e-06,194,264,5343.64
895,5146.32,5146.32,439.086,2.72e-07,272,7.76e-07,1.048e-06,194,262,5295.09
896,5245.32,5245.32,438.145,2.88e-07,288,7.68e-07,1.056e-06,192,264,5523.44
897,5193.51,5193.51,439.327,2.8e-07,280,7.76e-07,1.056e-06,194,264,5373.55
898,5195.09,5195.09,438.806,2.8e-07,280,7.68e-07,1.048e-06,192,262,5325.56
899,5252.17,5252.17,437.504,2.96e-07,296,7.68e-07,1.064e-06,192,266,5542.61
900,5248.79,5248.79,440.508,2.96e-07,296,7.76e-07,1.072e-06,194,268,5558.65
901,5191.79,5191.79,438.145,2.8e-07,280,7.68e-07,1.048e-06,192,262,5274.72
902,5188.26,5188.26,438.085,2.8e-07,280,7.76e-07,1.056e-06,194,264,5338.6
903,5270.34,5270.34,440.428,2.96e-07,296,7.68e-07,1.064e-06,192,266,5555.97
904,5191.55,5191.55,436.883,2.8e-07,280,7.68e-07,1.048e-06,192,262,5312.84
905,5248.65,5248.65,441.009,2.96e-07,296,7.76e-07,1.072e-06,194,268,5590.45
906,5193.85,5193.85,438.025,2.8e-07,280,7.68e-07,1.048e-06,192,262,5349.15
907,5274.34,5274.34,440.749,2.96e-07,296,7.68e-07,1.064e-06,192,266,5561.59
908,5258.46,5258.46,438.806,2.96e-07,296,7.68e-07,1.064e-06,192,266,5548.86
909,5234.23,5234.23,440.228,2.88e-07,288,7.76e-07,1.064e-06,194,266,5551.02
910,5186.52,5186.52,437.484,2.8e-07,280,7.68e-07,1.048e-06,192,262,5318.09
911,5238.35,5238.35,440.428,2.88e-07,288,7.76e-07,1.064e-06,194,266,5535.86
912,5192.93,5192.93,436.703,2.8e-07,280,7.68e-07,1.048e-06,192,262,5325.12
913,5258.44,5258.44,441.33,2.96e-07,296,7.76e-07,1.072e-06,194,268,5566.64
914,5196.43,5196.43,436.242,2.8e-07,280,7.68e-07,1.048e-06,192,262,5368.76
915,5171.94,5171.94,439.547,2.8e-07,280,7.76e-07,1.056e-06,194,264,5328.76
916,5266.13,5266.13,437.845,3.04e-07,304,7.68e-07,1.072e-06,192,268,5580.24
917,5204.08,5204.08,439.066,2.88e-07,288,7.68e-07,1.056e-06,192,264,5331.79
918,5255,5255,438.846,2.96e-07,296,7.76e-07,1.072e-06,194,268,5555.44
919,5209.95,5209.95,439.167,2.8e-07,280,7.68e-07,1.048e-06,192,262,5365.57
920,5246.22,5246.22,440.568,2.96e-07,296,7.76e-07,1.072e-06,194,268,5558.39
921,5205.51,5205.51,436.823,2.88e-07,288,7.68e-07,1.056e-06,192,264,5363.99
922,5166.75,5166.75,439.527,2.8e-07,280,7.76e-07,1.056e-06,194,264,5359.04
923,5265.11,5265.11,439.347,2.96e-07,296,7.76e-07,1.072e-06,194,268,5602.69
924,5273.7,5273.7,440.208,2.96e-07,296,7.68e-07,1.064e-06,192,266,5575.49
925,5162.91,5162.91,438.706,2.72e-07,272,7.76e-07,1.048e-06,194,262,5337.59
926,5187.94,5187.94,435.561,2.8e-07,280,7.68e-07,1.048e-06,192,262,5319.83
927,5268.42,5268.42,439.427,2.96e-07,296,7.68e-07,1.064e-06,192,266,5552.88
928,5182.33,5182.33,440.208,2.8e-07,280,7.76e-07,1.056e-06,194,264,5337.99
929,5242.8,5242.8,437.945,2.88e-07,288,7.76e-07,1.064e-06,194,266,5545.21
930,5276.77,5276.77,439.827,3.04e-07,304,7.68e-07,1.072e-06,192,268,5601.83
931,5173.2,5173.2,438.966,2.8e-07,280,7.76e-07,1.056e-06,194,264,5339.34
932,5272.42,5272.42,437.244,2.96e-07,296,7.68e-07,1.064e-06,192,266,5549.76
933,5279.09,5279.09,440.589,3.04e-07,304,7.68e-07,1.072e-06,192,268,5587.35
934,5234.65,5234.65,440.568,2.88e-07,288,7.76e-07,1.064e-06,194,266,5536.52
935,5259.3,5259.3,437.484,2.96e-07,296,7.68e-07,1.064e-06,192,266,5552.34
936,5268.86,5268.86,440.188,2.96e-07,296,7.68e-07,1.064e-06,192,266,5561.77
937,5178.11,5178.11,439.527,2.8e-07,280,7.76e-07,1.056e-06,194,264,5345.75
938,5200.62,5200.62,436.002,2.88e-07,288,7.68e-07,1.056e-06,192,264,5380.58
939,5267.31,5267.31,440.328,2.96e-07,296,7.68e-07,1.064e-06,192,266,5551.42
940,5285.42,5285.42,441.249,3.04e-07,304,7.68e-07,1.072e-06,192,268,5558.11
941,5251.83,5251.83,439.667,2.88e-07,288,7.76e-07,1.064e-06,194,266,5550.08
942,5270.82,5270.82,439.888,3.04e-07,304,7.68e-07,1.072e-06,192,268,5553.34
943,5211.37,5211.37,439.827,2.88e-07,288,7.68e-07,1.056e-06,192,264,5341.7
944,5185.32,5185.32,438.405,2.8e-07,280,7.76e-07,1.056e-06,194,264,5354.24
945,5197.69,5197.69,436.603,2.8e-07,280,7.68e-07,1.048e-06,192,262,5319.63
946,5284.92,5284.92,440.629,2.96e-07,296,7.68e-07,1.064e-06,192,266,5614.99
947,5169.09,5169.09,439.247,2.72e-07,272,7.76e-07,1.048e-06,194,262,5342.9
948,5178.53,5178.53,438.806,2.8e-07,280,7.76e-07,1.056e-06,194,264,5321.47
949,5252.67,5252.67,440.589,2.96e-07,296,7.76e-07,1.072e-06,194,268,5591.14
950,5181.03,5181.03,435.641,2.8e-07,280,7.68e-07,1.048e-06,192,262,5335.07
951,5188,5188,437.965,2.8e-07,280,7.68e-07,1.048e-06,192,262,5312.84
952,5203.5,5203.5,438.806,2.88e-07,288,7.68e-07,1.056e-06,192,264,5339.42
953,5247.31,5247.31,440.609,2.96e-07,296,7.76e-07,1.072e-06,194,268,5531.43
954,5187.04,5187.04,437.805,2.8e-07,280,7.76e-07,1.056e-06,194,264,5329.58
955,5198.36,5198.36,437.164,2.8e-07,280,7.68e-07,1.048e-06,192,262,5374.79
956,5258.98,5258.98,440.669,2.88e-07,288,7.68e-07,1.056e-06,192,264,5552.2
957,5178.53,5178.53,439.507,2.8e-07,280,7.76e-07,1.056e-06,194,264,5357.52
958,5251.65,5251.65,439.667,2.96e-07,296,7.76e-07,1.072e-06,194,268,5541.02
959,5179.33,5179.33,435.181,2.8e-07,280,7.68e-07,1.048e-06,192,262,5309.75
960,5198.82,5198.82,438.085,2.88e-07,288,7.68e-07,1.056e-06,192,264,5316.24
961,5274.44,5274.44,441.009,2.96e-07,296,7.68e-07,1.064e-06,192,266,5575.89
962,5281.65,5281.65,440.649,3.04e-07,304,7.68e-07,1.072e-06,192,268,5594.26
963,5274.76,5274.76,439.928,3.04e-07,304,7.76e-07,1.08e-06,194,270,5638.34
964,5248.73,5248.73,437.744,2.88e-07,288,7.68e-07,1.056e-06,192,264,5540.98
965,5266.97,5266.97,440.609,2.96e-07,296,7.68e-07,1.064e-06,192,266,5566.34
966,5156.92,5156.92,439.487,2.72e-07,272,7.76e-07,1.048e-06,194,262,5315.28
967,5258.22,5258.22,440.769,2.96e-07,296,7.76e-07,1.072e-06,194,268,5572.15
968,5185.56,5185.56,435.641,2.8e-07,280,7.68e-07,1.048e-06,192,262,5332.47
969,5188.82,5188.82,438.105,2.8e-07,280,7.68e-07,1.048e-06,192,262,5323.63
970,5192.49,5192.49,438.646,2.8e-07,280,7.68e-07,1.048e-06,192,262,5324.16
971,5242.7,5242.7,440.929,2.88e-07,288,7.76e-07,1.064e-06,194,266,5573.69
972,5251.65,5251.65,440.088,2.88e-07,288,7.76e-07,1.064e-06,194,266,5593.48
973,5188.26,5188.26,435.902,2.8e-07,280,7.68e-07,1.048e-06,192,262,5348.91
974,5271.3,5271.3,439.327,2.96e-07,296,7.68e-07,1.064e-06,192,266,5584.43
975,5259.86,5259.86,440.288,2.96e-07,296,7.68e-07,1.064e-06,192,266,5540.48
976,5214.52,5214.52,439.667,2.88e-07,288,7.68e-07,1.056e-06,192,264,5326.28
977,5176.68,5176.68,438.766,2.8e-07,280,7.76e-07,1.056e-06,194,264,5348.19
978,5183.43,5183.43,437.905,2.8e-07,280,7.76e-07,1.056e-06,194,264,5324.96
979,5259.3,5259.3,437.704,2.88e-07,288,7.68e-07,1.056e-06,192,264,5593.58
980,5191.31,5191.31,437.364,2.8e-07,280,7.68e-07,1.048e-06,192,262,5329.04
981,5263.29,5263.29,440.829,2.96e-07,296,7.68e-07,1.064e-06,192,266,5549.88
982,5165.63,5165.63,439.928,2.72e-07,272,7.76e-07,1.048e-06,194,262,5298.98
983,5177.43,5177.43,438.986,2.8e-07,280,7.76e-07,1.056e-06,194,264,5339.74
984,5184.62,5184.62,437.284,2.8e-07,280,7.76e-07,1.056e-06,194,264,5343.2
985,5185.96,5185.96,436.242,2.8e-07,280,7.68e-07,1.048e-06,192,262,5334.21
986,5200.96,5200.96,437.845,2.8e-07,280,7.68e-07,1.048e-06,192,262,5339.54
987,5282.01,5282.01,441.029,2.96e-07,296,7.68e-07,1.064e-06,192,266,5609.02
988,5173.82,5173.82,439.247,2.8e-07,280,7.76e-07,1.056e-06,194,264,5352.64
989,5282.8,5282.8,441.069,2.96e-07,296,7.68e-07,1.064e-06,192,266,5600.63
990,5165.29,5165.29,438.245,2.8e-07,280,7.76e-07,1.056e-06,194,264,5317.63
991,5180.37,5180.37,437.664,2.8e-07,280,7.76e-07,1.056e-06,194,264,5334.91
992,5193.75,5193.75,436.162,2.8e-07,280,7.68e-07,1.048e-06,192,262,5318.81
993,5250.79,5250.79,438.025,2.96e-07,296,7.68e-07,1.064e-06,192,266,5513.73
994,5192.97,5192.97,438.205,2.88e-07,288,7.68e-07,1.056e-06,192,264,5307.87
995,5208.67,5208.67,439.207,2.88e-07,288,7.68e-07,1.056e-06,192,264,5348.79
996,5290.17,5290.17,441.009,3.04e-07,304,7.68e-07,1.072e-06,192,268,5611.26
997,5249.73,5249.73,439.867,2.96e-07,296,7.76e-07,1.072e-06,194,268,5570.33
998,5186.36,5186.36,437.424,2.8e-07,280,7.76e-07,1.056e-06,194,264,5335.11
999,5259.82,5259.82,437.284,2.96e-07,296,7.68e-07,1.064e-06,192,266,5569.95
1000,5265.35,5265.35,439.167,2.96e-07,296,7.68e-07,1.064e-06,192,266,5555.51
